"Date","Price","Open","High","Low","Vol.","Change %"
"07/04/2024","205.61","205.99","206.01","205.30","","-0.19%"
"07/03/2024","206.00","204.82","206.51","204.57","","0.60%"
"07/02/2024","204.77","204.25","204.96","203.85","","0.28%"
"07/01/2024","204.20","203.42","205.16","203.12","","0.43%"
"06/28/2024","203.32","203.20","203.66","202.52","","0.09%"
"06/27/2024","203.14","202.98","203.48","202.48","","0.12%"
"06/26/2024","202.90","202.60","203.18","202.39","","0.18%"
"06/25/2024","202.53","202.40","202.76","201.96","","0.03%"
"06/24/2024","202.46","202.10","202.78","201.20","","0.20%"
"06/21/2024","202.05","201.16","202.14","200.48","","0.48%"
"06/20/2024","201.09","201.10","201.43","200.79","","0.02%"
"06/19/2024","201.05","200.63","201.19","200.39","","0.23%"
"06/18/2024","200.58","200.35","200.91","200.01","","0.12%"
"06/17/2024","200.34","199.66","200.49","199.04","","0.38%"
"06/14/2024","199.58","200.39","201.66","198.90","","-0.38%"
"06/13/2024","200.34","200.57","201.40","199.68","","-0.09%"
"06/12/2024","200.53","200.16","201.51","199.65","","0.21%"
"06/11/2024","200.11","199.93","200.46","199.66","","0.11%"
"06/10/2024","199.89","199.38","200.10","198.90","","0.28%"
"06/07/2024","199.34","199.03","199.85","198.38","","0.18%"
"06/06/2024","198.98","199.62","199.98","198.82","","-0.30%"
"06/05/2024","199.57","197.67","199.79","197.65","","0.97%"
"06/04/2024","197.66","199.93","200.45","197.18","","-1.11%"
"06/03/2024","199.87","200.46","200.69","199.20","","-0.26%"
"05/31/2024","200.40","199.66","200.54","199.21","","0.39%"
"05/30/2024","199.63","200.21","200.36","198.73","","-0.28%"
"05/29/2024","200.19","200.56","200.82","200.02","","-0.15%"
"05/28/2024","200.50","200.31","200.70","200.13","","0.11%"
"05/27/2024","200.28","200.10","200.46","199.59","","0.19%"
"05/24/2024","199.91","199.29","200.13","199.10","","0.33%"
"05/23/2024","199.25","199.38","199.96","198.99","","-0.04%"
"05/22/2024","199.33","198.49","199.58","198.35","","0.46%"
"05/21/2024","198.42","198.54","198.95","198.23","","-0.04%"
"05/20/2024","198.49","197.71","198.68","197.35","","0.42%"
"05/17/2024","197.66","196.88","197.96","196.77","","0.44%"
"05/16/2024","196.80","196.47","197.02","195.02","","0.18%"
"05/15/2024","196.45","196.97","197.13","195.88","","-0.23%"
"05/14/2024","196.90","196.18","197.18","195.70","","0.38%"
"05/13/2024","196.16","195.03","196.42","194.79","","0.53%"
"05/10/2024","195.12","194.63","195.35","194.61","","0.23%"
"05/09/2024","194.67","194.21","194.91","193.84","","0.19%"
"05/08/2024","194.30","193.50","194.56","193.32","","0.43%"
"05/07/2024","193.47","193.31","194.16","192.98","","-0.13%"
"05/06/2024","193.73","192.70","193.77","192.45","","0.88%"
"05/03/2024","192.04","192.03","192.56","191.37","","-0.24%"
"05/02/2024","192.51","193.43","195.79","191.84","","-0.50%"
"05/01/2024","193.47","197.13","197.47","192.04","","-1.85%"
"04/30/2024","197.11","196.38","197.43","196.06","","0.38%"
"04/29/2024","196.37","197.79","200.41","193.58","","-0.69%"
"04/26/2024","197.73","194.88","197.96","193.96","","1.52%"
"04/25/2024","194.76","193.62","194.99","193.26","","0.61%"
"04/24/2024","193.57","192.77","193.68","192.40","","0.44%"
"04/23/2024","192.73","191.23","192.88","190.80","","0.79%"
"04/22/2024","191.21","191.33","191.74","190.30","","-0.04%"
"04/19/2024","191.29","192.32","192.76","190.29","","-0.51%"
"04/18/2024","192.28","192.26","192.83","191.88","","0.03%"
"04/17/2024","192.22","192.25","192.93","191.65","","0.01%"
"04/16/2024","192.21","192.02","192.86","191.61","","0.12%"
"04/15/2024","191.98","190.88","192.76","190.41","","0.62%"
"04/12/2024","190.80","192.41","192.50","189.98","","-0.81%"
"04/11/2024","192.35","192.07","192.62","191.54","","0.17%"
"04/10/2024","192.02","192.44","192.97","191.45","","-0.19%"
"04/09/2024","192.38","192.12","192.88","192.02","","0.16%"
"04/08/2024","192.07","191.62","192.23","191.34","","0.26%"
"04/05/2024","191.57","191.34","191.67","190.66","","0.15%"
"04/04/2024","191.28","191.93","192.30","191.00","","-0.32%"
"04/03/2024","191.89","190.63","191.98","190.40","","0.68%"
"04/02/2024","190.60","190.35","190.76","190.01","","0.16%"
"04/01/2024","190.29","191.02","191.38","190.15","","-0.39%"
"03/29/2024","191.03","191.09","191.29","190.79","","-0.02%"
"03/28/2024","191.06","191.27","191.41","190.60","","-0.09%"
"03/27/2024","191.24","191.40","191.68","190.60","","-0.05%"
"03/26/2024","191.33","191.34","191.71","191.09","","0.02%"
"03/25/2024","191.29","190.86","191.60","190.32","","0.26%"
"03/22/2024","190.80","191.91","192.26","190.35","","-0.56%"
"03/21/2024","191.88","193.41","193.55","191.81","","-0.76%"
"03/20/2024","193.35","191.96","193.62","191.77","","0.77%"
"03/19/2024","191.88","189.88","192.20","189.64","","1.09%"
"03/18/2024","189.82","189.76","190.21","189.53","","-0.01%"
"03/15/2024","189.84","189.15","190.07","188.56","","0.38%"
"03/14/2024","189.12","189.11","189.55","188.59","","0.05%"
"03/13/2024","189.03","188.92","189.57","188.38","","0.08%"
"03/12/2024","188.87","188.29","189.26","187.95","","0.32%"
"03/11/2024","188.26","189.21","189.24","187.95","","-0.44%"
"03/08/2024","189.09","189.63","189.74","188.37","","-0.25%"
"03/07/2024","189.57","190.35","190.36","188.21","","-0.29%"
"03/06/2024","190.13","190.64","190.77","189.83","","-0.25%"
"03/05/2024","190.60","191.05","191.11","190.28","","-0.21%"
"03/04/2024","191.00","189.99","191.25","189.75","","0.58%"
"03/01/2024","189.89","189.35","190.43","189.26","","0.30%"
"02/29/2024","189.32","190.79","190.87","189.02","","-0.75%"
"02/28/2024","190.76","190.93","190.99","190.24","","-0.06%"
"02/27/2024","190.88","191.18","191.23","190.30","","-0.13%"
"02/26/2024","191.12","190.64","191.37","190.32","","0.22%"
"02/23/2024","190.70","190.56","191.18","190.37","","0.09%"
"02/22/2024","190.53","189.94","190.88","189.82","","0.35%"
"02/21/2024","189.86","189.35","189.98","189.13","","0.32%"
"02/20/2024","189.26","189.07","189.76","188.99","","0.12%"
"02/19/2024","189.03","189.34","189.46","188.88","","-0.11%"
"02/16/2024","189.23","188.91","189.55","188.74","","0.18%"
"02/15/2024","188.89","189.21","189.26","187.98","","-0.15%"
"02/14/2024","189.18","189.91","189.94","188.74","","-0.35%"
"02/13/2024","189.84","188.62","190.12","188.41","","0.67%"
"02/12/2024","188.57","188.46","188.76","187.83","","0.03%"
"02/09/2024","188.51","188.47","188.92","188.12","","0.07%"
"02/08/2024","188.37","187.10","188.55","186.84","","0.69%"
"02/07/2024","187.08","186.38","187.32","186.18","","0.39%"
"02/06/2024","186.36","186.40","186.83","186.16","","0.03%"
"02/05/2024","186.31","187.40","187.68","186.01","","-0.58%"
"02/02/2024","187.39","186.62","187.76","186.41","","0.44%"
"02/01/2024","186.56","186.38","186.68","185.02","","0.13%"
"01/31/2024","186.32","187.45","187.77","185.82","","-0.59%"
"01/30/2024","187.42","187.47","187.54","186.34","","0.00%"
"01/29/2024","187.42","188.15","188.33","187.09","","-0.41%"
"01/26/2024","188.19","187.67","188.61","187.31","","0.30%"
"01/25/2024","187.63","187.73","188.26","187.12","","-0.02%"
"01/24/2024","187.67","188.10","188.51","187.10","","-0.22%"
"01/23/2024","188.08","188.24","188.95","187.35","","-0.07%"
"01/22/2024","188.22","188.34","188.43","187.75","","0.04%"
"01/19/2024","188.14","188.26","188.95","187.39","","-0.04%"
"01/18/2024","188.22","187.80","188.29","187.27","","0.26%"
"01/17/2024","187.74","185.96","188.15","185.84","","0.95%"
"01/16/2024","185.98","185.59","186.24","184.98","","0.29%"
"01/15/2024","185.44","184.75","185.78","184.61","","0.37%"
"01/12/2024","184.76","185.40","185.70","184.45","","-0.30%"
"01/11/2024","185.31","185.71","186.20","184.93","","-0.20%"
"01/10/2024","185.68","183.63","185.79","183.40","","1.14%"
"01/09/2024","183.58","183.85","184.00","182.71","","-0.12%"
"01/08/2024","183.80","184.03","184.26","183.00","","-0.06%"
"01/05/2024","183.91","183.40","184.73","183.28","","0.30%"
"01/04/2024","183.36","181.49","183.82","180.99","","1.06%"
"01/03/2024","181.43","179.13","181.79","178.99","","1.28%"
"01/02/2024","179.14","179.30","180.68","178.68","","-0.05%"
"01/01/2024","179.23","179.59","179.88","179.16","","-0.18%"
"12/29/2023","179.56","180.04","180.56","179.28","","-0.24%"
"12/28/2023","179.99","181.54","181.55","178.98","","-0.82%"
"12/27/2023","181.47","181.11","182.22","181.07","","0.15%"
"12/26/2023","181.19","180.69","181.33","180.49","","0.32%"
"12/25/2023","180.62","181.01","181.40","180.26","","-0.13%"
"12/22/2023","180.86","180.35","181.43","179.99","","0.31%"
"12/21/2023","180.30","181.46","181.51","179.78","","-0.62%"
"12/20/2023","181.42","183.13","183.37","181.26","","-0.91%"
"12/19/2023","183.08","180.52","184.23","180.01","","1.46%"
"12/18/2023","180.45","180.21","181.23","179.99","","0.15%"
"12/15/2023","180.18","181.12","181.76","179.82","","-0.51%"
"12/14/2023","181.11","180.29","181.26","178.35","","0.45%"
"12/13/2023","180.29","182.73","183.18","180.18","","-1.30%"
"12/12/2023","182.67","183.51","183.60","182.25","","-0.43%"
"12/11/2023","183.45","181.79","184.36","181.52","","0.89%"
"12/08/2023","181.83","181.38","182.08","179.52","","0.21%"
"12/07/2023","181.44","185.04","185.07","178.68","","-1.93%"
"12/06/2023","185.01","185.36","185.86","184.96","","-0.14%"
"12/05/2023","185.27","185.93","186.21","185.04","","-0.33%"
"12/04/2023","185.88","186.68","186.68","185.02","","-0.37%"
"12/01/2023","186.57","187.09","187.55","186.15","","-0.26%"
"11/30/2023","187.05","186.96","187.60","186.21","","0.07%"
"11/29/2023","186.91","187.24","187.59","186.60","","-0.14%"
"11/28/2023","187.18","187.74","187.95","187.02","","-0.28%"
"11/27/2023","187.70","188.39","188.56","187.58","","-0.34%"
"11/24/2023","188.34","187.48","188.69","187.07","","0.48%"
"11/23/2023","187.44","186.84","187.63","186.26","","0.35%"
"11/22/2023","186.79","186.09","187.07","185.62","","0.40%"
"11/21/2023","186.04","185.57","186.13","184.45","","0.29%"
"11/20/2023","185.51","186.50","186.81","184.61","","-0.50%"
"11/17/2023","186.44","186.99","187.18","185.30","","-0.28%"
"11/16/2023","186.97","188.00","188.03","186.80","","-0.50%"
"11/15/2023","187.91","187.98","188.32","187.09","","-0.01%"
"11/14/2023","187.93","186.31","188.36","186.02","","0.91%"
"11/13/2023","186.24","185.21","186.35","184.97","","0.58%"
"11/10/2023","185.16","184.99","185.38","184.62","","0.11%"
"11/09/2023","184.95","185.47","185.94","184.83","","-0.25%"
"11/08/2023","185.42","184.94","185.71","184.52","","0.28%"
"11/07/2023","184.90","185.25","185.53","184.62","","-0.18%"
"11/06/2023","185.23","184.87","185.99","184.67","","0.20%"
"11/03/2023","184.86","183.60","185.10","183.22","","0.71%"
"11/02/2023","183.55","183.43","183.79","182.74","","0.09%"
"11/01/2023","183.39","184.38","184.43","182.92","","-0.50%"
"10/31/2023","184.31","181.48","184.45","181.27","","1.59%"
"10/30/2023","181.42","181.29","181.93","180.74","","0.04%"
"10/27/2023","181.35","182.40","182.54","181.03","","-0.55%"
"10/26/2023","182.35","181.98","182.61","181.05","","0.26%"
"10/25/2023","181.87","182.38","182.50","181.61","","-0.22%"
"10/24/2023","182.28","183.40","183.77","182.04","","-0.58%"
"10/23/2023","183.35","182.20","183.46","182.07","","0.63%"
"10/20/2023","182.21","181.92","182.47","181.28","","0.19%"
"10/19/2023","181.87","182.03","182.54","181.16","","-0.07%"
"10/18/2023","182.00","182.52","182.87","181.84","","-0.24%"
"10/17/2023","182.43","182.65","182.87","181.59","","-0.13%"
"10/16/2023","182.66","181.54","182.84","181.29","","0.60%"
"10/13/2023","181.57","182.51","182.97","181.26","","-0.43%"
"10/12/2023","182.35","183.67","183.85","182.32","","-0.69%"
"10/11/2023","183.62","182.72","183.83","182.46","","0.51%"
"10/10/2023","182.68","181.73","182.84","181.53","","0.54%"
"10/09/2023","181.69","182.59","182.59","181.25","","-0.57%"
"10/06/2023","182.74","181.07","183.02","180.82","","0.95%"
"10/05/2023","181.02","180.98","181.20","180.27","","0.10%"
"10/04/2023","180.84","179.94","181.29","179.55","","0.50%"
"10/03/2023","179.94","181.13","181.45","178.15","","-0.64%"
"10/02/2023","181.10","182.35","182.85","181.10","","-0.58%"
"09/29/2023","182.16","182.15","183.05","181.87","","0.04%"
"09/28/2023","182.09","181.58","182.47","181.04","","0.29%"
"09/27/2023","181.56","181.23","181.72","180.87","","0.20%"
"09/26/2023","181.20","181.77","181.88","181.04","","-0.33%"
"09/25/2023","181.80","181.60","182.03","181.39","","0.12%"
"09/22/2023","181.58","181.47","182.35","181.19","","0.08%"
"09/21/2023","181.43","183.12","183.29","180.84","","-0.91%"
"09/20/2023","183.10","183.24","183.46","182.44","","-0.05%"
"09/19/2023","183.20","182.79","183.53","182.71","","0.25%"
"09/18/2023","182.75","183.10","183.37","182.70","","-0.17%"
"09/15/2023","183.06","183.01","183.95","182.76","","0.03%"
"09/14/2023","183.00","184.18","184.20","182.50","","-0.61%"
"09/13/2023","184.12","183.73","184.43","183.18","","0.26%"
"09/12/2023","183.64","183.37","183.98","182.93","","0.17%"
"09/11/2023","183.32","184.51","184.68","182.67","","-0.49%"
"09/08/2023","184.23","183.74","184.51","183.04","","0.28%"
"09/07/2023","183.71","184.68","184.79","183.37","","-0.53%"
"09/06/2023","184.68","185.63","185.69","184.12","","-0.48%"
"09/05/2023","185.57","184.90","185.82","184.05","","0.38%"
"09/04/2023","184.86","184.10","185.13","183.83","","0.43%"
"09/01/2023","184.07","184.47","184.62","183.51","","-0.20%"
"08/31/2023","184.43","186.00","186.07","184.06","","-0.84%"
"08/30/2023","185.99","184.39","186.10","184.35","","0.86%"
"08/29/2023","184.41","184.71","185.43","184.05","","-0.15%"
"08/28/2023","184.68","184.16","184.73","184.13","","0.29%"
"08/25/2023","184.14","183.76","184.47","183.38","","0.23%"
"08/24/2023","183.72","184.35","184.82","183.63","","-0.32%"
"08/23/2023","184.31","185.76","185.98","183.34","","-0.75%"
"08/22/2023","185.71","186.49","186.79","185.51","","-0.39%"
"08/21/2023","186.43","185.13","186.70","184.88","","0.70%"
"08/18/2023","185.13","185.87","185.98","184.54","","-0.39%"
"08/17/2023","185.86","186.34","186.50","185.54","","-0.21%"
"08/16/2023","186.25","184.99","186.37","184.68","","0.72%"
"08/15/2023","184.92","184.63","185.35","184.33","","0.19%"
"08/14/2023","184.57","184.07","184.76","183.45","","0.30%"
"08/11/2023","184.01","183.51","184.29","183.37","","0.31%"
"08/10/2023","183.45","182.79","184.27","182.66","","0.37%"
"08/09/2023","182.78","182.78","183.06","182.32","","0.02%"
"08/08/2023","182.75","182.18","183.04","181.36","","0.32%"
"08/07/2023","182.16","180.79","182.24","180.57","","0.81%"
"08/04/2023","180.70","181.29","181.77","180.63","","-0.28%"
"08/03/2023","181.21","182.18","182.80","180.45","","-0.53%"
"08/02/2023","182.17","183.14","183.18","181.74","","-0.52%"
"08/01/2023","183.13","182.69","183.35","182.57","","0.28%"
"07/31/2023","182.62","181.38","183.22","180.85","","0.68%"
"07/28/2023","181.38","178.43","181.54","176.31","","1.67%"
"07/27/2023","178.40","181.43","181.98","177.41","","-1.66%"
"07/26/2023","181.42","181.79","181.98","180.91","","-0.16%"
"07/25/2023","181.71","181.57","182.07","181.13","","0.12%"
"07/24/2023","181.50","182.35","182.39","180.74","","-0.42%"
"07/21/2023","182.27","180.24","182.57","179.90","","1.15%"
"07/20/2023","180.20","180.74","180.77","179.60","","-0.27%"
"07/19/2023","180.69","181.05","181.67","179.80","","-0.13%"
"07/18/2023","180.92","181.43","181.87","180.32","","-0.22%"
"07/17/2023","181.31","181.58","182.18","180.55","","-0.13%"
"07/14/2023","181.54","181.28","182.35","180.20","","0.15%"
"07/13/2023","181.27","179.89","181.54","179.49","","0.78%"
"07/12/2023","179.86","181.55","181.58","179.47","","-0.92%"
"07/11/2023","181.53","181.74","182.02","180.79","","-0.09%"
"07/10/2023","181.70","182.37","183.24","181.09","","-0.36%"
"07/07/2023","182.36","183.51","183.62","181.99","","-0.64%"
"07/06/2023","183.53","183.77","184.05","182.48","","-0.13%"
"07/05/2023","183.76","183.65","184.05","183.14","","0.08%"
"07/04/2023","183.62","183.66","183.99","183.23","","0.03%"
"07/03/2023","183.57","183.12","183.80","183.05","","0.13%"
"06/30/2023","183.34","182.60","183.92","182.18","","0.42%"
"06/29/2023","182.58","182.57","182.91","182.21","","0.02%"
"06/28/2023","182.54","183.74","183.76","182.12","","-0.59%"
"06/27/2023","183.63","182.45","183.84","182.21","","0.66%"
"06/26/2023","182.42","182.65","183.02","181.68","","-0.11%"
"06/23/2023","182.63","182.38","182.97","181.24","","0.12%"
"06/22/2023","182.41","181.20","182.60","180.70","","0.68%"
"06/21/2023","181.17","180.59","181.63","179.91","","0.38%"
"06/20/2023","180.49","181.63","182.11","179.91","","-0.61%"
"06/19/2023","181.59","181.82","182.15","181.21","","-0.10%"
"06/16/2023","181.77","179.34","182.08","178.80","","1.37%"
"06/15/2023","179.32","177.45","179.44","177.24","","1.10%"
"06/14/2023","177.37","176.84","177.46","176.43","","0.33%"
"06/13/2023","176.78","174.57","176.88","174.43","","1.22%"
"06/12/2023","174.65","175.24","175.80","174.35","","-0.28%"
"06/09/2023","175.14","174.46","175.58","174.28","","0.44%"
"06/08/2023","174.37","174.27","174.57","173.88","","0.09%"
"06/07/2023","174.21","173.46","174.48","172.65","","0.43%"
"06/06/2023","173.46","173.49","173.80","172.66","","-0.05%"
"06/05/2023","173.55","174.29","174.41","172.84","","-0.37%"
"06/02/2023","174.20","173.85","174.71","173.53","","0.18%"
"06/01/2023","173.89","173.35","174.29","172.96","","0.34%"
"05/31/2023","173.30","173.55","173.69","172.49","","-0.13%"
"05/30/2023","173.52","173.50","174.30","172.96","","0.03%"
"05/29/2023","173.46","173.67","173.99","172.93","","-0.06%"
"05/26/2023","173.57","172.60","173.81","172.23","","0.60%"
"05/25/2023","172.53","172.43","172.82","171.68","","0.06%"
"05/24/2023","172.43","172.01","172.82","171.22","","0.24%"
"05/23/2023","172.01","172.38","172.65","171.27","","-0.17%"
"05/22/2023","172.31","171.79","172.61","171.18","","0.38%"
"05/19/2023","171.66","172.16","172.55","171.23","","-0.26%"
"05/18/2023","172.11","171.95","172.20","171.18","","0.13%"
"05/17/2023","171.89","170.30","172.05","170.10","","0.96%"
"05/16/2023","170.26","170.54","170.87","169.39","","-0.13%"
"05/15/2023","170.48","169.05","170.65","168.87","","0.85%"
"05/12/2023","169.05","168.35","169.15","168.18","","0.44%"
"05/11/2023","168.31","169.63","169.75","167.82","","-0.75%"
"05/10/2023","169.59","170.68","171.24","169.10","","-0.60%"
"05/09/2023","170.62","170.46","170.74","169.84","","0.11%"
"05/08/2023","170.43","170.45","171.09","170.17","","0.08%"
"05/05/2023","170.30","168.82","170.69","168.61","","0.89%"
"05/04/2023","168.80","169.26","169.57","168.04","","-0.24%"
"05/03/2023","169.21","170.23","170.40","169.09","","-0.56%"
"05/02/2023","170.17","171.83","172.33","169.92","","-0.95%"
"05/01/2023","171.80","171.38","172.12","170.98","","0.36%"
"04/28/2023","171.18","167.30","171.40","166.60","","2.26%"
"04/27/2023","167.40","166.63","167.55","166.25","","0.46%"
"04/26/2023","166.63","165.92","167.05","165.63","","0.43%"
"04/25/2023","165.91","167.52","167.98","165.41","","-0.97%"
"04/24/2023","167.53","166.88","167.79","166.52","","0.47%"
"04/21/2023","166.75","166.93","167.10","165.51","","-0.16%"
"04/20/2023","167.02","167.62","167.74","166.83","","-0.30%"
"04/19/2023","167.53","166.67","168.01","166.46","","0.56%"
"04/18/2023","166.59","166.38","167.04","166.15","","0.13%"
"04/17/2023","166.38","166.15","166.68","165.68","","0.20%"
"04/14/2023","166.05","166.01","166.27","165.39","","0.04%"
"04/13/2023","165.98","166.21","166.90","165.40","","-0.10%"
"04/12/2023","166.15","166.10","166.71","165.37","","0.05%"
"04/11/2023","166.06","165.45","166.21","165.18","","0.39%"
"04/10/2023","165.41","164.16","165.54","163.81","","0.85%"
"04/07/2023","164.01","163.95","164.44","163.38","","0.07%"
"04/06/2023","163.90","163.62","164.20","162.93","","0.18%"
"04/05/2023","163.60","164.65","164.79","162.86","","-0.61%"
"04/04/2023","164.60","164.37","166.43","164.17","","0.14%"
"04/03/2023","164.37","164.04","164.94","163.41","","0.37%"
"03/31/2023","163.77","164.29","165.49","163.62","","-0.30%"
"03/30/2023","164.26","163.58","164.54","162.96","","0.44%"
"03/29/2023","163.54","161.56","163.70","161.35","","1.28%"
"03/28/2023","161.48","161.62","161.82","160.72","","-0.08%"
"03/27/2023","161.61","159.85","161.90","159.58","","1.11%"
"03/24/2023","159.83","160.79","160.88","158.26","","-0.54%"
"03/23/2023","160.70","161.24","161.88","159.93","","-0.31%"
"03/22/2023","161.20","161.87","163.36","160.77","","-0.38%"
"03/21/2023","161.82","161.21","162.30","160.74","","0.41%"
"03/20/2023","161.16","161.32","162.04","158.93","","0.44%"
"03/17/2023","160.45","161.95","162.20","160.10","","-0.89%"
"03/16/2023","161.89","160.96","162.19","158.56","","0.58%"
"03/15/2023","160.95","163.20","164.18","159.20","","-1.37%"
"03/14/2023","163.18","162.29","164.15","161.85","","0.59%"
"03/13/2023","162.23","162.38","163.10","160.00","","-0.07%"
"03/10/2023","162.35","162.37","164.69","161.90","","0.02%"
"03/09/2023","162.32","162.69","162.70","161.60","","-0.20%"
"03/08/2023","162.64","162.25","163.02","161.66","","0.22%"
"03/07/2023","162.28","163.45","163.90","162.02","","-0.67%"
"03/06/2023","163.38","163.62","163.82","162.96","","-0.12%"
"03/03/2023","163.58","163.35","163.71","162.97","","0.17%"
"03/02/2023","163.31","163.84","163.97","163.05","","-0.28%"
"03/01/2023","163.77","163.76","164.56","162.85","","0.04%"
"02/28/2023","163.71","164.35","166.07","163.70","","-0.35%"
"02/27/2023","164.28","163.07","164.37","162.59","","0.82%"
"02/24/2023","162.95","161.82","163.15","161.20","","0.70%"
"02/23/2023","161.82","162.64","162.90","161.65","","-0.40%"
"02/22/2023","162.47","163.59","163.60","162.37","","-0.62%"
"02/21/2023","163.49","161.64","163.78","161.43","","1.18%"
"02/20/2023","161.59","161.68","161.77","161.15","","0.09%"
"02/17/2023","161.45","160.68","161.71","160.48","","0.51%"
"02/16/2023","160.63","161.36","161.54","160.46","","-0.42%"
"02/15/2023","161.30","162.02","162.13","160.71","","-0.43%"
"02/14/2023","161.99","160.71","162.23","160.09","","0.82%"
"02/13/2023","160.68","158.48","161.26","158.40","","1.45%"
"02/10/2023","158.39","159.49","159.65","157.51","","-0.68%"
"02/09/2023","159.48","158.60","159.54","158.40","","0.57%"
"02/08/2023","158.58","157.87","158.85","157.60","","0.45%"
"02/07/2023","157.87","159.43","159.71","157.41","","-0.95%"
"02/06/2023","159.39","159.24","159.98","158.52","","0.84%"
"02/03/2023","158.07","157.29","158.80","156.32","","0.52%"
"02/02/2023","157.25","159.60","159.66","157.16","","-1.45%"
"02/01/2023","159.56","160.27","160.73","158.88","","-0.44%"
"01/31/2023","160.27","161.12","161.23","159.74","","-0.53%"
"01/30/2023","161.12","161.02","161.48","160.18","","0.09%"
"01/27/2023","160.98","161.56","161.65","160.39","","-0.35%"
"01/26/2023","161.54","160.72","161.76","159.99","","0.54%"
"01/25/2023","160.68","160.50","160.96","159.49","","0.11%"
"01/24/2023","160.51","161.74","161.82","159.98","","-0.74%"
"01/23/2023","161.70","160.73","161.85","160.35","","0.70%"
"01/20/2023","160.58","159.13","161.33","159.02","","0.93%"
"01/19/2023","159.10","159.18","159.29","157.54","","-0.01%"
"01/18/2023","159.12","157.48","161.57","157.34","","1.06%"
"01/17/2023","157.45","156.76","158.07","156.38","","0.48%"
"01/16/2023","156.70","156.35","157.12","156.07","","0.22%"
"01/13/2023","156.35","157.84","158.09","155.63","","-0.91%"
"01/12/2023","157.79","160.91","161.00","157.71","","-1.90%"
"01/11/2023","160.85","160.77","161.24","160.47","","0.06%"
"01/10/2023","160.75","160.77","160.96","160.02","","0.05%"
"01/09/2023","160.67","159.74","161.27","159.29","","0.61%"
"01/06/2023","159.70","158.94","160.12","158.70","","0.55%"
"01/05/2023","158.83","159.88","160.11","158.48","","-0.64%"
"01/04/2023","159.85","156.77","160.23","156.48","","2.00%"
"01/03/2023","156.72","157.49","158.41","155.34","","-0.47%"
"01/02/2023","157.46","158.63","158.63","157.35","","-0.72%"
"12/30/2022","158.60","160.35","160.52","157.81","","-1.06%"
"12/29/2022","160.30","161.61","161.63","160.02","","-0.78%"
"12/28/2022","161.56","160.54","162.37","160.42","","0.69%"
"12/27/2022","160.46","160.33","160.98","160.18","","0.14%"
"12/26/2022","160.23","160.13","160.89","159.64","","0.07%"
"12/23/2022","160.12","159.40","160.61","159.10","","0.47%"
"12/22/2022","159.37","160.01","160.32","158.80","","-0.43%"
"12/21/2022","160.06","160.49","161.07","159.46","","-0.22%"
"12/20/2022","160.42","166.34","167.06","158.58","","-3.51%"
"12/19/2022","166.25","165.21","166.96","164.96","","0.19%"
"12/16/2022","165.94","167.79","168.04","165.92","","-1.07%"
"12/15/2022","167.74","168.34","168.88","167.60","","-0.31%"
"12/14/2022","168.27","167.57","168.43","166.71","","0.47%"
"12/13/2022","167.48","168.96","170.10","167.07","","-0.85%"
"12/12/2022","168.91","167.28","169.07","167.10","","0.93%"
"12/09/2022","167.35","167.21","168.10","165.82","","0.11%"
"12/08/2022","167.16","166.70","167.41","166.27","","0.31%"
"12/07/2022","166.64","166.34","167.48","165.95","","0.18%"
"12/06/2022","166.34","166.63","167.54","166.13","","-0.19%"
"12/05/2022","166.66","164.76","166.88","164.54","","1.00%"
"12/02/2022","165.01","165.82","166.01","163.74","","-0.37%"
"12/01/2022","165.62","166.43","167.30","164.49","","-0.47%"
"11/30/2022","166.41","165.76","167.61","165.44","","0.39%"
"11/29/2022","165.76","166.18","166.71","165.51","","-0.20%"
"11/28/2022","166.09","168.02","168.29","165.82","","-1.26%"
"11/25/2022","168.21","167.90","168.84","167.60","","0.21%"
"11/24/2022","167.86","168.28","168.35","167.13","","-0.22%"
"11/23/2022","168.23","167.89","169.08","167.73","","0.23%"
"11/22/2022","167.84","168.07","168.34","167.32","","-0.10%"
"11/21/2022","168.00","166.89","168.09","166.05","","0.73%"
"11/18/2022","166.79","166.32","167.35","166.10","","0.31%"
"11/17/2022","166.28","166.27","166.43","165.24","","0.06%"
"11/16/2022","166.18","165.18","166.42","164.69","","0.62%"
"11/15/2022","165.15","164.44","166.28","164.35","","0.46%"
"11/14/2022","164.39","163.99","165.75","163.65","","0.08%"
"11/11/2022","164.26","165.18","166.13","163.07","","-0.50%"
"11/10/2022","165.09","166.35","168.11","164.37","","-0.73%"
"11/09/2022","166.30","168.15","168.38","165.95","","-1.03%"
"11/08/2022","168.03","168.84","169.11","167.23","","-0.44%"
"11/07/2022","168.77","165.72","169.16","165.70","","1.21%"
"11/04/2022","166.75","165.57","167.01","164.74","","0.73%"
"11/03/2022","165.54","168.57","168.60","165.07","","-1.72%"
"11/02/2022","168.44","170.27","170.38","168.07","","-1.06%"
"11/01/2022","170.24","170.58","170.99","169.46","","-0.19%"
"10/31/2022","170.56","171.18","172.15","170.32","","-0.37%"
"10/28/2022","171.19","169.15","171.40","168.85","","1.21%"
"10/27/2022","169.15","170.20","170.29","168.71","","-0.59%"
"10/26/2022","170.16","169.71","170.63","169.30","","0.32%"
"10/25/2022","169.62","168.06","169.98","167.82","","0.99%"
"10/24/2022","167.95","167.71","169.83","165.55","","0.65%"
"10/21/2022","166.86","168.69","169.63","164.96","","-1.13%"
"10/20/2022","168.77","168.23","169.76","167.41","","0.40%"
"10/19/2022","168.09","168.98","169.41","167.62","","-0.49%"
"10/18/2022","168.92","169.26","169.84","167.88","","-0.22%"
"10/17/2022","169.30","166.26","170.12","166.25","","1.90%"
"10/14/2022","166.14","166.82","167.24","165.01","","-0.37%"
"10/13/2022","166.76","163.15","167.32","162.29","","2.30%"
"10/12/2022","163.01","159.98","163.37","159.73","","1.94%"
"10/11/2022","159.91","161.12","162.71","159.71","","-0.72%"
"10/10/2022","161.07","161.10","161.59","160.44","","-0.01%"
"10/07/2022","161.08","161.99","162.63","160.75","","-0.53%"
"10/06/2022","161.94","163.87","164.48","161.10","","-1.14%"
"10/05/2022","163.81","165.40","165.74","162.58","","-0.91%"
"10/04/2022","165.31","163.68","165.57","163.41","","1.05%"
"10/03/2022","163.59","161.35","163.91","160.58","","1.27%"
"09/30/2022","161.54","160.57","162.23","159.40","","0.61%"
"09/29/2022","160.56","156.93","160.64","155.59","","2.29%"
"09/28/2022","156.96","155.38","157.13","152.53","","1.04%"
"09/27/2022","155.34","154.71","156.40","154.15","","0.45%"
"09/26/2022","154.64","155.63","157.26","149.32","","-0.61%"
"09/23/2022","155.59","160.27","160.50","155.35","","-2.88%"
"09/22/2022","160.20","162.32","164.46","159.10","","-1.26%"
"09/21/2022","162.24","163.59","163.98","162.21","","-0.80%"
"09/20/2022","163.55","163.71","164.47","163.12","","-0.10%"
"09/19/2022","163.71","163.18","163.87","162.91","","0.37%"
"09/16/2022","163.10","164.57","164.69","162.73","","-0.86%"
"09/15/2022","164.51","165.17","165.77","164.45","","-0.36%"
"09/14/2022","165.11","166.15","166.55","164.74","","-0.60%"
"09/13/2022","166.10","166.90","167.15","165.18","","-0.44%"
"09/12/2022","166.84","165.29","167.07","165.19","","1.03%"
"09/09/2022","165.14","165.80","166.28","164.29","","-0.36%"
"09/08/2022","165.74","165.71","166.35","164.88","","0.04%"
"09/07/2022","165.68","164.46","166.06","164.18","","0.77%"
"09/06/2022","164.41","161.95","165.13","161.88","","1.58%"
"09/05/2022","161.86","161.32","162.00","160.63","","0.33%"
"09/02/2022","161.33","161.85","162.62","161.13","","-0.32%"
"09/01/2022","161.85","161.52","161.90","160.95","","0.22%"
"08/31/2022","161.50","161.79","161.95","160.88","","-0.16%"
"08/30/2022","161.76","162.41","162.63","161.48","","-0.37%"
"08/29/2022","162.36","161.59","162.68","161.32","","0.51%"
"08/26/2022","161.54","161.52","162.74","161.21","","0.04%"
"08/25/2022","161.48","161.84","162.04","161.30","","-0.19%"
"08/24/2022","161.78","161.97","161.99","160.82","","-0.09%"
"08/23/2022","161.92","161.77","162.55","160.79","","0.12%"
"08/22/2022","161.73","161.91","162.56","161.15","","-0.14%"
"08/19/2022","161.95","162.12","162.88","161.61","","-0.09%"
"08/18/2022","162.10","162.68","163.27","161.66","","-0.34%"
"08/17/2022","162.65","162.35","163.61","162.15","","0.22%"
"08/16/2022","162.30","160.71","162.78","160.07","","1.00%"
"08/15/2022","160.70","161.96","162.12","160.34","","-0.75%"
"08/12/2022","161.91","162.40","162.82","161.77","","-0.31%"
"08/11/2022","162.42","162.51","162.54","161.26","","-0.01%"
"08/10/2022","162.43","163.29","164.44","161.65","","-0.50%"
"08/09/2022","163.24","163.10","163.71","162.60","","0.13%"
"08/08/2022","163.03","162.96","163.88","162.54","","0.07%"
"08/05/2022","162.92","161.60","163.40","161.11","","0.81%"
"08/04/2022","161.61","162.57","163.83","161.07","","-0.58%"
"08/03/2022","162.55","162.12","163.10","161.20","","0.30%"
"08/02/2022","162.07","161.23","162.12","159.43","","0.54%"
"08/01/2022","161.20","162.10","162.53","161.02","","-0.52%"
"07/29/2022","162.04","163.55","163.93","161.52","","-0.89%"
"07/28/2022","163.49","165.89","166.18","162.85","","-1.46%"
"07/27/2022","165.92","164.73","166.37","164.60","","0.78%"
"07/26/2022","164.63","164.63","165.01","163.46","","0.04%"
"07/25/2022","164.57","163.34","165.11","162.98","","0.78%"
"07/22/2022","163.29","164.79","165.18","162.99","","-0.89%"
"07/21/2022","164.75","165.40","166.01","164.52","","-0.40%"
"07/20/2022","165.41","165.76","166.28","165.13","","-0.18%"
"07/19/2022","165.71","165.14","166.02","164.70","","0.41%"
"07/18/2022","165.04","164.55","166.13","164.15","","0.52%"
"07/15/2022","164.19","164.32","164.73","163.63","","-0.01%"
"07/14/2022","164.21","163.42","165.23","163.07","","0.51%"
"07/13/2022","163.38","162.71","164.16","162.33","","0.44%"
"07/12/2022","162.66","163.43","163.57","161.80","","-0.44%"
"07/11/2022","163.38","163.71","164.50","163.02","","-0.17%"
"07/08/2022","163.66","163.54","163.97","161.80","","0.12%"
"07/07/2022","163.46","162.10","163.66","161.57","","0.86%"
"07/06/2022","162.07","162.50","162.61","160.35","","-0.24%"
"07/05/2022","162.46","164.28","165.31","161.57","","-1.09%"
"07/04/2022","164.25","163.66","164.78","162.99","","0.46%"
"07/01/2022","163.50","165.30","165.38","161.55","","-1.06%"
"06/30/2022","165.25","165.64","165.87","164.78","","-0.21%"
"06/29/2022","165.60","165.85","166.37","165.38","","-0.13%"
"06/28/2022","165.82","166.13","166.97","165.70","","-0.16%"
"06/27/2022","166.09","165.79","166.56","165.12","","0.21%"
"06/24/2022","165.75","165.47","166.35","164.79","","0.20%"
"06/23/2022","165.42","167.17","167.24","164.63","","-1.03%"
"06/22/2022","167.14","167.71","167.87","165.76","","-0.33%"
"06/21/2022","167.70","165.59","167.85","165.33","","1.35%"
"06/20/2022","165.47","164.91","165.71","164.46","","0.31%"
"06/17/2022","164.96","163.35","166.24","163.19","","1.04%"
"06/16/2022","163.27","163.02","163.83","159.99","","0.18%"
"06/15/2022","162.98","162.54","163.20","161.71","","0.29%"
"06/14/2022","162.51","163.05","164.35","161.32","","-0.31%"
"06/13/2022","163.01","165.71","166.15","162.24","","-1.52%"
"06/10/2022","165.52","167.87","168.07","165.15","","-1.35%"
"06/09/2022","167.78","168.40","168.75","166.68","","-0.32%"
"06/08/2022","168.32","166.98","168.57","166.85","","0.86%"
"06/07/2022","166.89","165.27","167.15","165.22","","1.00%"
"06/06/2022","165.23","163.42","165.50","162.89","","1.11%"
"06/03/2022","163.41","163.32","164.13","163.04","","0.09%"
"06/02/2022","163.26","162.51","163.45","162.10","","0.48%"
"06/01/2022","162.48","162.21","163.37","161.97","","0.21%"
"05/31/2022","162.14","161.42","162.41","160.93","","0.49%"
"05/30/2022","161.35","160.40","161.55","160.26","","0.62%"
"05/27/2022","160.36","160.13","160.68","159.80","","0.15%"
"05/26/2022","160.12","160.01","160.85","158.99","","0.11%"
"05/25/2022","159.95","158.92","160.33","158.37","","0.67%"
"05/24/2022","158.88","161.05","161.05","157.98","","-1.30%"
"05/23/2022","160.98","159.57","161.05","159.38","","0.85%"
"05/20/2022","159.63","159.24","160.23","158.73","","0.25%"
"05/19/2022","159.23","158.23","159.95","157.87","","0.65%"
"05/18/2022","158.20","161.63","161.81","158.04","","-2.11%"
"05/17/2022","161.61","159.10","161.88","158.77","","1.58%"
"05/16/2022","159.09","158.52","159.31","157.42","","0.44%"
"05/13/2022","158.40","156.60","158.57","156.42","","1.19%"
"05/12/2022","156.54","159.37","159.37","155.59","","-1.67%"
"05/11/2022","159.20","160.76","161.35","158.82","","-0.95%"
"05/10/2022","160.72","160.65","161.57","160.02","","0.07%"
"05/09/2022","160.61","161.11","162.23","160.15","","-0.29%"
"05/06/2022","161.07","160.99","161.65","160.29","","0.11%"
"05/05/2022","160.89","162.95","163.61","160.46","","-1.23%"
"05/04/2022","162.90","162.65","163.23","161.76","","0.18%"
"05/03/2022","162.60","162.57","163.45","162.34","","0.02%"
"05/02/2022","162.56","163.44","163.93","162.27","","-0.40%"
"04/29/2022","163.21","163.02","164.04","162.38","","0.13%"
"04/28/2022","162.99","161.18","164.29","160.88","","1.15%"
"04/27/2022","161.14","159.99","161.46","159.65","","0.74%"
"04/26/2022","159.95","163.27","163.63","159.94","","-2.00%"
"04/25/2022","163.22","165.37","165.38","162.04","","-1.10%"
"04/22/2022","165.03","167.29","167.62","164.76","","-1.30%"
"04/21/2022","167.21","167.13","167.95","166.95","","0.07%"
"04/20/2022","167.09","167.57","168.45","166.40","","-0.26%"
"04/19/2022","167.52","165.24","167.65","165.20","","1.43%"
"04/18/2022","165.16","165.02","165.46","164.61","","0.10%"
"04/15/2022","164.99","164.48","165.51","164.46","","0.33%"
"04/14/2022","164.44","164.84","164.90","164.01","","-0.22%"
"04/13/2022","164.80","162.98","164.88","162.93","","1.15%"
"04/12/2022","162.92","163.37","163.66","162.76","","-0.22%"
"04/11/2022","163.28","161.68","163.88","161.60","","0.79%"
"04/08/2022","162.00","162.07","162.40","161.63","","0.00%"
"04/07/2022","162.00","161.82","162.32","161.40","","0.15%"
"04/06/2022","161.76","161.72","162.30","161.52","","0.15%"
"04/05/2022","161.52","161.04","162.00","160.50","","0.32%"
"04/04/2022","161.00","160.65","161.32","160.27","","0.24%"
"04/01/2022","160.61","159.89","161.21","159.80","","0.49%"
"03/31/2022","159.83","159.98","160.91","159.42","","-0.07%"
"03/30/2022","159.94","160.85","161.40","159.03","","-0.54%"
"03/29/2022","160.81","162.15","162.74","160.24","","-0.81%"
"03/28/2022","162.12","160.88","164.68","160.70","","0.79%"
"03/25/2022","160.85","161.43","161.52","159.85","","-0.26%"
"03/24/2022","161.27","159.99","161.46","159.56","","0.83%"
"03/23/2022","159.95","160.19","161.13","159.02","","-0.12%"
"03/22/2022","160.14","157.35","160.29","157.23","","1.82%"
"03/21/2022","157.28","157.11","157.54","156.35","","0.17%"
"03/18/2022","157.02","155.93","157.26","155.85","","0.72%"
"03/17/2022","155.90","156.12","156.76","155.43","","-0.10%"
"03/16/2022","156.06","154.28","156.28","154.17","","1.20%"
"03/15/2022","154.21","153.67","154.72","153.23","","0.38%"
"03/14/2022","153.63","152.93","154.23","152.90","","0.48%"
"03/11/2022","152.89","151.99","153.43","151.93","","0.63%"
"03/10/2022","151.93","152.68","153.04","151.87","","-0.47%"
"03/09/2022","152.64","151.57","152.81","151.42","","0.72%"
"03/08/2022","151.55","151.13","152.04","150.96","","0.30%"
"03/07/2022","151.09","151.84","152.26","151.02","","-0.47%"
"03/04/2022","151.80","154.15","154.26","151.45","","-1.49%"
"03/03/2022","154.09","154.88","155.26","153.85","","-0.46%"
"03/02/2022","154.80","153.09","154.96","152.79","","1.12%"
"03/01/2022","153.08","154.35","154.71","152.64","","-0.80%"
"02/28/2022","154.31","154.95","155.04","153.32","","-0.39%"
"02/25/2022","154.91","154.57","155.21","154.13","","0.26%"
"02/24/2022","154.51","155.74","155.92","153.34","","-0.76%"
"02/23/2022","155.69","156.33","156.82","155.58","","-0.39%"
"02/22/2022","156.30","156.04","156.54","155.49","","0.18%"
"02/21/2022","156.02","156.21","156.78","155.99","","-0.17%"
"02/18/2022","156.29","156.47","157.33","156.20","","-0.12%"
"02/17/2022","156.47","156.88","157.03","156.04","","-0.23%"
"02/16/2022","156.83","156.52","157.15","156.34","","0.23%"
"02/15/2022","156.47","156.31","156.85","155.95","","0.13%"
"02/14/2022","156.27","156.54","156.90","155.29","","-0.15%"
"02/11/2022","156.50","157.27","157.74","155.85","","-0.47%"
"02/10/2022","157.24","156.32","158.10","156.22","","0.61%"
"02/09/2022","156.28","156.49","156.90","156.18","","-0.11%"
"02/08/2022","156.45","155.87","156.76","155.67","","0.42%"
"02/07/2022","155.80","155.89","156.20","155.12","","-0.03%"
"02/04/2022","155.85","156.34","156.54","155.51","","-0.29%"
"02/03/2022","156.31","155.43","156.54","155.02","","0.59%"
"02/02/2022","155.39","155.07","155.47","154.79","","0.19%"
"02/01/2022","155.09","154.79","155.25","154.47","","0.22%"
"01/31/2022","154.75","154.43","155.37","154.35","","0.18%"
"01/28/2022","154.47","154.37","154.99","154.07","","0.06%"
"01/27/2022","154.38","154.38","154.76","153.80","","0.05%"
"01/26/2022","154.30","153.71","154.79","153.66","","0.38%"
"01/25/2022","153.71","153.66","154.04","153.10","","0.06%"
"01/24/2022","153.62","154.12","154.51","152.88","","-0.30%"
"01/21/2022","154.08","155.18","155.27","153.89","","-0.66%"
"01/20/2022","155.11","155.57","156.10","155.11","","-0.28%"
"01/19/2022","155.54","155.82","156.28","155.38","","-0.17%"
"01/18/2022","155.80","156.42","156.94","155.46","","-0.36%"
"01/17/2022","156.37","156.19","156.76","156.01","","0.14%"
"01/14/2022","156.15","156.51","156.65","155.44","","-0.21%"
"01/13/2022","156.48","157.04","157.51","156.28","","-0.36%"
"01/12/2022","157.05","157.21","157.74","156.74","","-0.08%"
"01/11/2022","157.17","156.42","157.34","156.24","","0.49%"
"01/10/2022","156.41","157.04","157.40","155.95","","-0.36%"
"01/07/2022","156.97","156.74","157.21","156.70","","0.19%"
"01/06/2022","156.68","157.43","157.49","156.07","","-0.43%"
"01/05/2022","157.36","157.15","157.79","156.56","","0.17%"
"01/04/2022","157.10","155.39","157.46","155.32","","1.13%"
"01/03/2022","155.35","155.69","156.01","154.88","","-0.22%"
"12/31/2021","155.69","155.34","156.04","154.99","","0.28%"
"12/30/2021","155.26","155.08","155.68","154.90","","0.15%"
"12/29/2021","155.02","154.28","155.15","154.02","","0.51%"
"12/28/2021","154.24","154.35","154.60","154.01","","-0.06%"
"12/27/2021","154.34","153.18","154.49","153.12","","0.78%"
"12/24/2021","153.14","153.40","153.61","153.04","","-0.14%"
"12/23/2021","153.36","152.39","153.75","152.27","","0.69%"
"12/22/2021","152.31","151.41","152.61","151.09","","0.65%"
"12/21/2021","151.33","150.02","151.45","149.88","","0.88%"
"12/20/2021","150.01","150.59","150.60","149.51","","-0.31%"
"12/17/2021","150.48","151.49","151.74","150.40","","-0.63%"
"12/16/2021","151.44","151.25","152.67","151.08","","0.15%"
"12/15/2021","151.22","150.57","151.34","150.26","","0.46%"
"12/14/2021","150.53","150.13","150.61","149.75","","0.30%"
"12/13/2021","150.08","150.09","150.79","149.86","","-0.24%"
"12/10/2021","150.44","149.99","150.54","149.66","","0.32%"
"12/09/2021","149.96","150.11","150.34","149.46","","-0.11%"
"12/08/2021","150.13","150.43","150.74","149.41","","-0.17%"
"12/07/2021","150.39","150.52","151.16","150.12","","-0.07%"
"12/06/2021","150.49","149.23","150.63","149.14","","0.83%"
"12/03/2021","149.25","150.60","150.79","148.96","","-0.87%"
"12/02/2021","150.56","149.74","150.83","149.57","","0.57%"
"12/01/2021","149.71","150.49","151.48","149.61","","-0.47%"
"11/30/2021","150.41","151.15","151.65","149.71","","-0.45%"
"11/29/2021","151.09","151.20","151.94","150.68","","-0.01%"
"11/26/2021","151.10","153.68","153.73","150.71","","-1.67%"
"11/25/2021","153.66","153.86","154.10","153.41","","-0.08%"
"11/24/2021","153.79","153.99","154.18","153.36","","-0.11%"
"11/23/2021","153.96","153.95","154.24","153.27","","0.06%"
"11/22/2021","153.87","153.38","154.09","153.10","","0.35%"
"11/19/2021","153.33","154.18","154.49","152.51","","-0.54%"
"11/18/2021","154.16","153.85","154.30","153.70","","0.25%"
"11/17/2021","153.77","154.21","154.77","153.73","","-0.26%"
"11/16/2021","154.17","153.16","154.23","153.01","","0.69%"
"11/15/2021","153.11","152.80","153.31","152.62","","0.26%"
"11/12/2021","152.71","152.52","152.98","152.36","","0.15%"
"11/11/2021","152.48","152.70","153.04","152.38","","-0.10%"
"11/10/2021","152.64","153.04","153.78","152.57","","-0.21%"
"11/09/2021","152.96","153.54","153.66","152.72","","-0.36%"
"11/08/2021","153.51","153.10","153.70","152.69","","0.32%"
"11/05/2021","153.02","153.57","153.81","152.80","","-0.33%"
"11/04/2021","153.52","156.01","156.28","153.10","","-1.57%"
"11/03/2021","155.97","155.13","156.10","154.94","","0.54%"
"11/02/2021","155.13","155.77","155.99","154.65","","-0.39%"
"11/01/2021","155.73","156.00","156.52","155.59","","-0.22%"
"10/29/2021","156.08","156.63","157.13","155.78","","-0.31%"
"10/28/2021","156.57","156.49","156.73","155.91","","0.08%"
"10/27/2021","156.45","157.17","157.29","155.70","","-0.43%"
"10/26/2021","157.13","156.57","157.79","156.46","","0.38%"
"10/25/2021","156.54","156.32","156.85","156.07","","0.33%"
"10/22/2021","156.02","157.21","157.70","155.91","","-0.74%"
"10/21/2021","157.18","157.98","158.22","156.77","","-0.49%"
"10/20/2021","157.95","157.76","158.26","157.00","","0.14%"
"10/19/2021","157.73","156.95","158.09","156.86","","0.54%"
"10/18/2021","156.89","157.06","157.40","156.61","","-0.10%"
"10/15/2021","157.05","155.46","157.45","155.39","","1.06%"
"10/14/2021","155.41","154.74","155.76","154.65","","0.48%"
"10/13/2021","154.66","154.38","154.99","154.10","","0.21%"
"10/12/2021","154.33","154.05","154.86","153.67","","0.19%"
"10/11/2021","154.03","152.79","154.54","152.70","","0.84%"
"10/08/2021","152.74","152.02","152.96","151.91","","0.52%"
"10/07/2021","151.95","151.32","152.11","151.01","","0.44%"
"10/06/2021","151.29","151.95","152.17","150.80","","-0.40%"
"10/05/2021","151.90","150.98","152.07","150.73","","0.63%"
"10/04/2021","150.95","150.41","151.55","150.15","","0.35%"
"10/01/2021","150.42","149.93","150.76","149.22","","0.35%"
"09/30/2021","149.90","150.30","150.96","149.79","","-0.25%"
"09/29/2021","150.27","150.92","151.21","149.90","","-0.42%"
"09/28/2021","150.90","152.04","152.60","150.54","","-0.73%"
"09/27/2021","152.01","151.49","152.22","151.12","","0.42%"
"09/24/2021","151.37","151.35","151.76","150.99","","0.05%"
"09/23/2021","151.29","149.60","151.50","149.46","","1.14%"
"09/22/2021","149.58","149.18","150.05","149.01","","0.27%"
"09/21/2021","149.17","149.42","150.16","148.94","","-0.15%"
"09/20/2021","149.40","151.12","151.24","149.17","","-1.13%"
"09/17/2021","151.11","151.32","151.95","150.95","","-0.09%"
"09/16/2021","151.25","151.37","151.60","150.86","","-0.04%"
"09/15/2021","151.31","151.46","151.59","150.82","","-0.09%"
"09/14/2021","151.44","152.17","152.87","151.30","","-0.48%"
"09/13/2021","152.17","152.10","152.35","151.89","","0.03%"
"09/10/2021","152.13","151.82","152.66","151.76","","0.24%"
"09/09/2021","151.77","151.81","152.18","151.41","","0.01%"
"09/08/2021","151.76","152.01","152.11","151.46","","-0.17%"
"09/07/2021","152.02","151.98","152.24","151.49","","0.05%"
"09/06/2021","151.94","152.18","152.29","151.79","","-0.13%"
"09/03/2021","152.14","152.07","152.32","151.77","","0.09%"
"09/02/2021","152.01","151.54","152.22","151.34","","0.38%"
"09/01/2021","151.43","151.35","151.96","151.24","","0.07%"
"08/31/2021","151.32","151.27","151.61","151.04","","0.06%"
"08/30/2021","151.23","151.15","151.30","150.93","","0.10%"
"08/27/2021","151.08","150.79","151.54","150.45","","0.20%"
"08/26/2021","150.78","151.40","151.62","150.60","","-0.36%"
"08/25/2021","151.32","150.52","151.48","150.43","","0.56%"
"08/24/2021","150.48","150.46","151.03","150.04","","0.02%"
"08/23/2021","150.45","149.70","150.78","149.38","","0.60%"
"08/20/2021","149.56","149.71","149.90","149.17","","-0.05%"
"08/19/2021","149.64","151.01","151.24","149.62","","-0.87%"
"08/18/2021","150.95","150.57","151.45","150.40","","0.28%"
"08/17/2021","150.53","151.30","151.40","150.35","","-0.50%"
"08/16/2021","151.28","151.65","152.22","150.91","","-0.41%"
"08/13/2021","151.90","152.43","152.63","151.91","","-0.32%"
"08/12/2021","152.39","153.18","153.24","152.32","","-0.50%"
"08/11/2021","153.15","153.10","153.34","152.85","","0.07%"
"08/10/2021","153.05","152.71","153.34","152.62","","0.25%"
"08/09/2021","152.67","153.04","153.20","152.57","","-0.17%"
"08/06/2021","152.93","152.89","153.27","152.60","","0.05%"
"08/05/2021","152.85","152.07","153.04","151.99","","0.53%"
"08/04/2021","152.04","151.77","152.54","151.51","","0.21%"
"08/03/2021","151.72","151.74","152.23","151.15","","0.02%"
"08/02/2021","151.69","152.51","152.88","151.52","","-0.52%"
"07/30/2021","152.49","152.88","153.23","152.43","","-0.22%"
"07/29/2021","152.82","152.77","153.47","152.50","","0.05%"
"07/28/2021","152.74","152.32","153.01","152.16","","0.30%"
"07/27/2021","152.28","152.49","152.63","151.56","","-0.11%"
"07/26/2021","152.45","152.07","152.63","151.41","","0.36%"
"07/23/2021","151.90","151.66","152.18","151.48","","0.20%"
"07/22/2021","151.59","151.28","151.93","150.73","","0.27%"
"07/21/2021","151.18","149.71","151.37","149.28","","1.01%"
"07/20/2021","149.67","149.71","149.99","148.45","","0.03%"
"07/19/2021","149.63","151.40","151.70","149.32","","-1.21%"
"07/16/2021","151.47","151.96","152.63","151.42","","-0.29%"
"07/15/2021","151.91","152.39","152.82","151.60","","-0.30%"
"07/14/2021","152.37","152.82","153.32","152.32","","-0.27%"
"07/13/2021","152.79","153.24","153.51","152.37","","-0.25%"
"07/12/2021","153.17","153.13","153.36","152.40","","0.06%"
"07/09/2021","153.08","151.40","153.18","151.16","","1.14%"
"07/08/2021","151.35","152.74","152.82","150.65","","-0.87%"
"07/07/2021","152.68","152.68","153.21","152.29","","0.01%"
"07/06/2021","152.66","153.63","154.09","152.35","","-0.62%"
"07/05/2021","153.62","153.49","153.77","153.40","","0.10%"
"07/02/2021","153.47","153.55","153.74","153.07","","-0.02%"
"07/01/2021","153.50","153.65","153.99","153.34","","-0.08%"
"06/30/2021","153.62","152.93","153.76","152.65","","0.48%"
"06/29/2021","152.88","153.62","153.65","152.60","","-0.45%"
"06/28/2021","153.57","153.64","154.26","153.38","","-0.10%"
"06/25/2021","153.72","154.37","154.55","153.58","","-0.40%"
"06/24/2021","154.34","154.93","155.16","153.82","","-0.34%"
"06/23/2021","154.86","154.34","155.17","154.22","","0.36%"
"06/22/2021","154.31","153.69","154.49","153.09","","0.44%"
"06/21/2021","153.64","152.29","153.76","151.30","","0.97%"
"06/18/2021","152.16","153.40","153.79","151.98","","-0.79%"
"06/17/2021","153.37","154.85","155.04","153.13","","-0.94%"
"06/16/2021","154.82","155.05","155.40","154.66","","-0.12%"
"06/15/2021","155.01","155.35","155.51","154.52","","-0.17%"
"06/14/2021","155.28","154.80","155.37","154.30","","0.39%"
"06/11/2021","154.67","154.99","155.23","154.62","","-0.17%"
"06/10/2021","154.93","154.79","155.24","154.10","","0.12%"
"06/09/2021","154.75","155.04","155.33","154.47","","-0.15%"
"06/08/2021","154.98","154.93","155.11","154.54","","0.06%"
"06/07/2021","154.88","154.96","155.30","154.53","","-0.06%"
"06/04/2021","154.97","155.58","155.84","154.99","","-0.37%"
"06/03/2021","155.54","155.25","155.84","155.20","","0.22%"
"06/02/2021","155.20","154.90","155.53","154.82","","0.24%"
"06/01/2021","154.83","155.71","155.96","154.85","","-0.53%"
"05/31/2021","155.65","155.74","155.96","155.29","","-0.16%"
"05/28/2021","155.90","156.00","156.09","155.57","","-0.03%"
"05/27/2021","155.95","154.12","156.10","153.81","","1.21%"
"05/26/2021","154.08","153.96","154.37","153.74","","0.11%"
"05/25/2021","153.91","153.93","154.48","153.76","","0.01%"
"05/24/2021","153.89","154.24","154.27","153.74","","-0.15%"
"05/21/2021","154.12","154.38","154.70","154.00","","-0.12%"
"05/20/2021","154.31","154.12","154.44","153.60","","0.12%"
"05/19/2021","154.13","154.49","154.82","153.53","","-0.21%"
"05/18/2021","154.46","154.32","154.86","154.29","","0.08%"
"05/17/2021","154.33","154.02","154.49","153.72","","0.13%"
"05/14/2021","154.13","153.82","154.32","153.60","","0.23%"
"05/13/2021","153.78","154.13","154.35","153.46","","-0.19%"
"05/12/2021","154.08","153.61","154.46","153.43","","0.33%"
"05/11/2021","153.57","153.59","153.99","153.13","","-0.02%"
"05/10/2021","153.60","151.79","154.04","151.79","","1.23%"
"05/07/2021","151.74","151.51","152.14","151.25","","0.19%"
"05/06/2021","151.45","151.85","152.16","151.23","","-0.22%"
"05/05/2021","151.79","151.85","152.26","151.73","","-0.01%"
"05/04/2021","151.80","151.74","152.07","150.99","","0.07%"
"05/03/2021","151.69","151.09","151.96","150.82","","0.49%"
"04/30/2021","150.95","151.85","152.13","150.85","","-0.57%"
"04/29/2021","151.82","151.38","152.43","151.27","","0.35%"
"04/28/2021","151.29","151.29","151.59","150.99","","0.06%"
"04/27/2021","151.20","150.25","151.31","150.14","","0.68%"
"04/26/2021","150.18","149.73","150.40","149.53","","0.31%"
"04/23/2021","149.71","149.40","149.97","149.05","","0.23%"
"04/22/2021","149.37","150.56","150.67","149.39","","-0.76%"
"04/21/2021","150.51","150.65","150.99","150.04","","-0.07%"
"04/20/2021","150.62","151.29","152.04","150.54","","-0.40%"
"04/19/2021","151.23","150.40","151.35","149.88","","0.53%"
"04/16/2021","150.43","149.93","150.64","149.38","","0.33%"
"04/15/2021","149.94","150.10","150.24","149.68","","-0.09%"
"04/14/2021","150.08","149.96","150.48","149.57","","0.11%"
"04/13/2021","149.91","150.32","150.85","149.65","","-0.24%"
"04/12/2021","150.27","150.46","150.62","149.74","","-0.02%"
"04/09/2021","150.30","150.05","150.96","149.58","","0.19%"
"04/08/2021","150.02","150.90","151.11","149.87","","-0.55%"
"04/07/2021","150.85","151.74","152.09","150.65","","-0.55%"
"04/06/2021","151.69","153.18","153.43","151.66","","-0.92%"
"04/05/2021","153.10","153.09","153.39","152.87","","0.01%"
"04/02/2021","153.08","153.02","153.23","152.69","","0.08%"
"04/01/2021","152.96","152.58","153.10","152.29","","0.28%"
"03/31/2021","152.53","151.65","152.81","151.54","","0.61%"
"03/30/2021","151.60","151.10","151.97","151.05","","0.36%"
"03/29/2021","151.05","151.22","151.83","150.57","","-0.06%"
"03/26/2021","151.14","149.96","151.57","149.87","","0.82%"
"03/25/2021","149.91","148.83","150.08","148.74","","0.77%"
"03/24/2021","148.76","149.35","149.49","148.51","","-0.35%"
"03/23/2021","149.28","150.90","150.95","149.07","","-1.05%"
"03/22/2021","150.87","151.07","151.07","150.19","","-0.09%"
"03/19/2021","151.00","151.60","151.84","150.56","","-0.37%"
"03/18/2021","151.56","152.02","152.58","151.44","","-0.26%"
"03/17/2021","151.96","151.41","152.10","151.33","","0.39%"
"03/16/2021","151.37","151.63","151.82","150.79","","-0.15%"
"03/15/2021","151.60","151.76","152.13","151.17","","-0.10%"
"03/12/2021","151.75","151.79","152.26","151.21","","-0.02%"
"03/11/2021","151.78","151.01","151.86","150.88","","0.56%"
"03/10/2021","150.93","150.72","151.21","150.57","","0.17%"
"03/09/2021","150.68","150.55","151.32","150.43","","0.13%"
"03/08/2021","150.49","149.89","150.72","149.63","","0.36%"
"03/05/2021","149.95","150.04","150.40","149.35","","-0.04%"
"03/04/2021","150.01","149.32","150.74","149.04","","0.49%"
"03/03/2021","149.28","148.86","149.73","148.80","","0.30%"
"03/02/2021","148.84","148.65","149.21","148.10","","0.17%"
"03/01/2021","148.59","148.55","149.32","148.32","","0.07%"
"02/26/2021","148.49","148.88","149.21","147.40","","-0.23%"
"02/25/2021","148.83","149.73","150.48","148.48","","-0.57%"
"02/24/2021","149.69","148.54","150.10","148.37","","0.81%"
"02/23/2021","148.49","147.77","148.63","147.65","","0.51%"
"02/22/2021","147.74","147.74","148.32","147.54","","-0.01%"
"02/19/2021","147.75","147.71","148.18","147.27","","0.09%"
"02/18/2021","147.62","146.65","147.80","146.53","","0.69%"
"02/17/2021","146.61","147.41","147.59","146.40","","-0.54%"
"02/16/2021","147.40","146.54","147.47","146.40","","0.63%"
"02/15/2021","146.48","145.34","146.66","145.32","","0.86%"
"02/12/2021","145.23","144.74","145.50","144.48","","0.39%"
"02/11/2021","144.67","144.67","144.93","144.56","","0.05%"
"02/10/2021","144.60","144.51","145.10","144.35","","0.10%"
"02/09/2021","144.45","144.59","144.71","144.02","","-0.07%"
"02/08/2021","144.55","144.70","144.96","144.39","","-0.10%"
"02/05/2021","144.69","144.31","144.93","144.17","","0.29%"
"02/04/2021","144.27","143.32","144.38","142.82","","0.69%"
"02/03/2021","143.28","143.45","143.71","143.10","","-0.11%"
"02/02/2021","143.44","143.37","143.82","143.11","","0.08%"
"02/01/2021","143.32","143.55","144.13","143.30","","-0.06%"
"01/29/2021","143.40","143.01","143.98","142.95","","0.30%"
"01/28/2021","142.97","142.50","143.29","142.17","","0.37%"
"01/27/2021","142.44","142.36","142.89","142.18","","0.08%"
"01/26/2021","142.32","141.86","142.48","141.26","","0.34%"
"01/25/2021","141.84","142.01","142.35","141.63","","-0.11%"
"01/22/2021","142.00","142.13","142.23","141.50","","-0.08%"
"01/21/2021","142.11","141.38","142.24","141.32","","0.54%"
"01/20/2021","141.34","141.62","142.36","141.07","","-0.17%"
"01/19/2021","141.58","140.88","141.75","140.74","","0.51%"
"01/18/2021","140.86","141.00","141.26","140.35","","-0.18%"
"01/15/2021","141.12","142.09","142.21","140.95","","-0.66%"
"01/14/2021","142.06","141.70","142.26","141.60","","0.31%"
"01/13/2021","141.62","141.80","142.28","141.51","","-0.11%"
"01/12/2021","141.78","140.92","142.05","140.74","","0.62%"
"01/11/2021","140.90","140.93","141.07","140.32","","-0.04%"
"01/08/2021","140.96","140.79","141.41","140.73","","0.13%"
"01/07/2021","140.78","140.24","141.02","140.10","","0.41%"
"01/06/2021","140.21","139.96","140.60","139.77","","0.22%"
"01/05/2021","139.90","139.96","140.18","139.50","","0.00%"
"01/04/2021","139.90","141.04","141.34","139.68","","-0.84%"
"01/01/2021","141.08","141.18","141.22","141.11","","-0.06%"
"12/31/2020","141.16","140.59","141.26","140.35","","0.44%"
"12/30/2020","140.54","139.85","140.68","139.70","","0.52%"
"12/29/2020","139.81","139.60","140.15","139.50","","0.17%"
"12/28/2020","139.57","140.20","140.60","139.46","","-0.44%"
"12/25/2020","140.19","140.46","140.86","140.13","","-0.16%"
"12/24/2020","140.41","139.76","141.24","139.65","","0.50%"
"12/23/2020","139.71","138.49","140.37","138.37","","0.91%"
"12/22/2020","138.45","139.13","139.19","137.99","","-0.45%"
"12/21/2020","139.07","139.21","139.52","136.96","","-0.44%"
"12/18/2020","139.68","140.09","140.34","139.29","","-0.25%"
"12/17/2020","140.03","139.81","140.46","139.55","","0.18%"
"12/16/2020","139.78","139.57","140.10","139.13","","0.17%"
"12/15/2020","139.54","138.63","139.64","138.27","","0.69%"
"12/14/2020","138.59","138.14","139.45","138.07","","0.77%"
"12/11/2020","137.53","138.54","138.79","136.77","","-0.71%"
"12/10/2020","138.51","139.65","139.83","138.38","","-0.78%"
"12/09/2020","139.60","139.11","140.35","139.05","","0.38%"
"12/08/2020","139.07","139.21","139.39","138.40","","-0.06%"
"12/07/2020","139.16","140.04","140.05","137.88","","-0.55%"
"12/04/2020","139.93","139.62","140.74","139.44","","0.24%"
"12/03/2020","139.59","139.55","140.32","139.43","","0.06%"
"12/02/2020","139.51","139.96","140.47","138.88","","-0.29%"
"12/01/2020","139.92","138.98","140.33","138.93","","0.73%"
"11/30/2020","138.90","138.54","139.52","138.40","","0.22%"
"11/27/2020","138.60","139.26","139.34","138.27","","-0.45%"
"11/26/2020","139.23","139.81","139.87","138.91","","-0.39%"
"11/25/2020","139.77","139.55","139.88","138.99","","0.17%"
"11/24/2020","139.53","139.32","139.90","139.11","","0.18%"
"11/23/2020","139.28","137.90","139.36","137.82","","0.98%"
"11/20/2020","137.93","137.57","138.09","137.41","","0.28%"
"11/19/2020","137.54","137.78","138.02","137.16","","-0.17%"
"11/18/2020","137.77","138.03","138.24","137.68","","-0.12%"
"11/17/2020","137.93","138.00","138.38","137.79","","0.00%"
"11/16/2020","137.93","137.88","138.91","137.65","","-0.01%"
"11/13/2020","137.95","137.90","138.54","137.53","","0.06%"
"11/12/2020","137.87","139.40","139.48","137.74","","-1.08%"
"11/11/2020","139.38","139.74","140.29","139.19","","-0.22%"
"11/10/2020","139.69","138.70","139.80","138.15","","0.74%"
"11/09/2020","138.67","136.02","138.93","135.73","","2.01%"
"11/06/2020","135.94","136.06","136.27","135.46","","-0.07%"
"11/05/2020","136.03","135.76","136.32","135.05","","0.26%"
"11/04/2020","135.68","136.45","137.40","135.37","","-0.53%"
"11/03/2020","136.40","135.29","136.71","135.15","","0.87%"
"11/02/2020","135.23","135.49","135.57","134.87","","-0.13%"
"10/30/2020","135.41","135.26","135.83","134.39","","0.14%"
"10/29/2020","135.22","135.49","135.99","134.63","","-0.16%"
"10/28/2020","135.43","136.21","136.32","134.87","","-0.54%"
"10/27/2020","136.17","136.54","136.62","136.13","","-0.26%"
"10/26/2020","136.52","136.67","137.09","136.29","","0.00%"
"10/23/2020","136.52","137.16","137.36","136.35","","-0.44%"
"10/22/2020","137.12","137.54","137.63","136.96","","-0.28%"
"10/21/2020","137.50","136.56","137.69","136.45","","0.70%"
"10/20/2020","136.54","136.53","137.05","136.32","","0.04%"
"10/19/2020","136.49","136.20","137.28","135.84","","0.29%"
"10/16/2020","136.10","136.21","136.44","135.40","","-0.05%"
"10/15/2020","136.17","136.82","137.19","135.75","","-0.47%"
"10/14/2020","136.81","136.46","137.35","135.65","","0.30%"
"10/13/2020","136.40","137.62","137.81","136.37","","-0.83%"
"10/12/2020","137.54","137.93","138.10","137.21","","-0.15%"
"10/09/2020","137.75","137.15","137.86","136.76","","0.47%"
"10/08/2020","137.10","136.91","137.43","136.67","","0.16%"
"10/07/2020","136.88","136.05","137.02","135.85","","0.64%"
"10/06/2020","136.01","137.24","137.47","135.94","","-0.86%"
"10/05/2020","137.19","136.23","137.37","136.04","","0.71%"
"10/02/2020","136.22","136.04","136.43","135.03","","0.18%"
"10/01/2020","135.98","136.26","137.04","135.34","","-0.14%"
"09/30/2020","136.17","135.90","136.57","135.18","","0.23%"
"09/29/2020","135.86","135.37","136.27","135.36","","0.35%"
"09/28/2020","135.38","134.63","136.21","134.35","","0.59%"
"09/25/2020","134.59","134.45","134.86","133.82","","0.16%"
"09/24/2020","134.37","134.09","134.68","133.60","","0.24%"
"09/23/2020","134.05","133.62","134.64","133.11","","0.36%"
"09/22/2020","133.57","134.12","134.40","133.05","","-0.39%"
"09/21/2020","134.09","135.13","135.35","133.54","","-0.70%"
"09/18/2020","135.03","135.88","136.18","134.94","","-0.60%"
"09/17/2020","135.85","136.09","136.24","134.57","","-0.15%"
"09/16/2020","136.05","135.90","136.50","135.55","","0.17%"
"09/15/2020","135.82","135.83","136.46","135.41","","0.01%"
"09/14/2020","135.80","135.85","136.62","135.57","","-0.01%"
"09/11/2020","135.81","135.85","136.62","135.57","","-0.05%"
"09/10/2020","135.88","138.07","138.38","135.57","","-1.55%"
"09/09/2020","138.02","137.65","138.38","136.73","","0.30%"
"09/08/2020","137.61","139.95","140.09","137.61","","-1.63%"
"09/07/2020","139.89","141.03","141.16","139.59","","-0.85%"
"09/04/2020","141.09","141.04","141.45","140.11","","0.07%"
"09/03/2020","140.99","141.79","141.89","140.46","","-0.53%"
"09/02/2020","141.74","141.80","141.99","141.00","","-0.01%"
"09/01/2020","141.76","141.56","142.74","141.31","","0.14%"
"08/31/2020","141.56","140.66","142.05","140.49","","0.67%"
"08/28/2020","140.62","140.68","141.65","140.00","","-0.01%"
"08/27/2020","140.64","139.99","140.89","139.68","","0.47%"
"08/26/2020","139.98","139.93","140.34","139.62","","0.06%"
"08/25/2020","139.89","138.46","140.05","138.35","","1.05%"
"08/24/2020","138.43","138.48","139.03","138.28","","0.00%"
"08/21/2020","138.43","139.79","139.98","138.24","","-0.96%"
"08/20/2020","139.77","139.01","139.89","138.54","","0.58%"
"08/19/2020","138.97","139.59","139.98","138.78","","-0.39%"
"08/18/2020","139.52","138.86","139.67","138.60","","0.47%"
"08/17/2020","138.87","139.54","139.80","138.71","","-0.42%"
"08/14/2020","139.46","139.66","140.04","139.32","","-0.15%"
"08/13/2020","139.67","139.35","140.24","139.23","","0.27%"
"08/12/2020","139.30","139.01","139.65","138.86","","0.26%"
"08/11/2020","138.94","138.51","139.54","138.38","","0.33%"
"08/10/2020","138.48","138.15","138.68","138.09","","0.19%"
"08/07/2020","138.22","138.82","138.83","137.84","","-0.37%"
"08/06/2020","138.74","138.46","139.26","138.41","","0.23%"
"08/05/2020","138.42","138.18","139.04","138.02","","0.20%"
"08/04/2020","138.14","138.53","138.90","137.79","","-0.25%"
"08/03/2020","138.48","138.52","139.04","137.73","","0.00%"
"07/31/2020","138.48","137.11","139.24","136.77","","1.00%"
"07/30/2020","137.11","136.35","137.41","136.06","","0.57%"
"07/29/2020","136.33","135.90","136.50","135.66","","0.34%"
"07/28/2020","135.87","135.75","136.15","135.32","","0.10%"
"07/27/2020","135.73","135.70","135.96","135.14","","0.00%"
"07/24/2020","135.73","136.16","136.23","134.98","","-0.29%"
"07/23/2020","136.12","136.45","136.65","135.84","","-0.21%"
"07/22/2020","136.41","135.98","136.64","135.26","","0.35%"
"07/21/2020","135.93","135.81","136.47","135.69","","0.12%"
"07/20/2020","135.77","134.53","135.93","134.34","","1.00%"
"07/17/2020","134.43","134.63","134.93","134.10","","-0.13%"
"07/16/2020","134.60","134.54","135.20","134.04","","0.08%"
"07/15/2020","134.49","134.62","135.12","134.45","","-0.04%"
"07/14/2020","134.55","134.72","134.85","133.96","","-0.09%"
"07/13/2020","134.67","134.93","135.51","134.58","","-0.17%"
"07/10/2020","134.90","135.13","135.24","134.27","","-0.15%"
"07/09/2020","135.10","135.26","135.95","135.04","","-0.10%"
"07/08/2020","135.24","134.85","135.45","134.57","","0.31%"
"07/07/2020","134.82","134.10","135.43","134.03","","0.55%"
"07/06/2020","134.08","134.30","134.70","133.93","","-0.08%"
"07/03/2020","134.19","134.02","134.32","133.69","","0.14%"
"07/02/2020","134.00","134.08","134.73","133.77","","0.00%"
"07/01/2020","134.00","133.85","134.26","132.93","","0.14%"
"06/30/2020","133.81","132.29","133.90","132.01","","1.17%"
"06/29/2020","132.26","132.23","132.71","131.95","","0.03%"
"06/26/2020","132.22","133.16","133.29","132.02","","-0.64%"
"06/25/2020","133.07","132.95","133.65","132.79","","0.13%"
"06/24/2020","132.90","133.36","133.64","132.67","","-0.33%"
"06/23/2020","133.34","133.25","134.01","132.58","","0.13%"
"06/22/2020","133.17","132.16","133.45","131.76","","0.85%"
"06/19/2020","132.05","132.93","133.26","131.91","","-0.62%"
"06/18/2020","132.88","134.37","134.55","132.39","","-1.08%"
"06/17/2020","134.33","134.95","135.24","134.07","","-0.45%"
"06/16/2020","134.94","135.29","136.38","134.71","","-0.21%"
"06/15/2020","135.23","134.53","135.34","133.48","","0.47%"
"06/12/2020","134.60","134.65","136.07","133.79","","-0.02%"
"06/11/2020","134.63","136.51","136.65","134.45","","-1.36%"
"06/10/2020","136.49","137.16","137.43","136.46","","-0.43%"
"06/09/2020","137.08","137.96","138.26","136.21","","-0.62%"
"06/08/2020","137.93","138.98","139.60","137.42","","-0.60%"
"06/05/2020","138.76","137.59","139.76","137.26","","0.96%"
"06/04/2020","137.44","136.94","137.82","135.95","","0.39%"
"06/03/2020","136.91","136.39","137.41","136.24","","0.40%"
"06/02/2020","136.36","134.43","136.54","134.21","","1.47%"
"06/01/2020","134.39","133.00","134.56","132.68","","0.99%"
"05/29/2020","133.07","132.62","133.48","131.77","","0.35%"
"05/28/2020","132.60","132.07","132.90","131.82","","0.50%"
"05/27/2020","131.94","132.62","133.02","131.62","","-0.48%"
"05/26/2020","132.58","131.29","133.07","131.19","","1.06%"
"05/25/2020","131.19","131.04","131.43","130.91","","0.17%"
"05/22/2020","130.97","131.54","131.80","130.66","","-0.42%"
"05/21/2020","131.52","131.57","131.98","131.21","","-0.05%"
"05/20/2020","131.58","131.84","132.44","131.43","","-0.26%"
"05/19/2020","131.92","130.89","132.52","130.77","","0.83%"
"05/18/2020","130.83","129.36","131.32","129.29","","1.00%"
"05/15/2020","129.54","131.15","131.43","129.54","","-1.20%"
"05/14/2020","131.11","130.90","131.33","130.13","","0.18%"
"05/13/2020","130.87","131.32","131.97","130.63","","-0.35%"
"05/12/2020","131.33","132.85","132.96","131.29","","-1.08%"
"05/11/2020","132.77","132.32","133.21","131.87","","0.34%"
"05/08/2020","132.32","131.40","132.71","131.27","","0.73%"
"05/07/2020","131.36","130.97","132.04","130.65","","0.28%"
"05/06/2020","130.99","132.57","132.71","130.83","","-1.15%"
"05/05/2020","132.52","132.82","133.20","132.43","","-0.20%"
"05/04/2020","132.79","133.70","133.70","132.51","","-0.65%"
"05/01/2020","133.66","135.04","135.13","133.36","","-0.96%"
"04/30/2020","134.95","133.05","135.48","132.65","","1.45%"
"04/29/2020","133.02","132.79","133.07","131.93","","0.22%"
"04/28/2020","132.73","133.31","133.60","132.71","","-0.39%"
"04/27/2020","133.25","133.04","133.60","132.82","","0.23%"
"04/24/2020","132.95","132.82","133.17","132.38","","0.05%"
"04/23/2020","132.88","132.89","133.71","132.38","","0.03%"
"04/22/2020","132.84","132.55","133.33","132.04","","0.28%"
"04/21/2020","132.47","133.85","134.09","131.90","","-1.00%"
"04/20/2020","133.81","134.27","134.74","133.77","","-0.42%"
"04/17/2020","134.38","134.48","135.00","133.88","","-0.04%"
"04/16/2020","134.44","134.53","134.90","133.71","","-0.04%"
"04/15/2020","134.49","135.35","135.38","133.63","","-0.61%"
"04/14/2020","135.32","134.85","135.51","134.57","","0.40%"
"04/13/2020","134.78","135.17","135.30","134.50","","-0.18%"
"04/10/2020","135.02","135.14","135.46","134.99","","-0.05%"
"04/09/2020","135.09","134.77","135.78","134.63","","0.24%"
"04/08/2020","134.76","134.17","135.04","133.70","","0.54%"
"04/07/2020","134.04","133.60","134.99","132.92","","0.37%"
"04/06/2020","133.54","133.04","134.54","132.41","","0.44%"
"04/03/2020","132.96","133.77","134.12","132.54","","-0.56%"
"04/02/2020","133.71","132.65","133.98","132.51","","0.83%"
"04/01/2020","132.61","133.57","133.83","132.48","","-0.69%"
"03/31/2020","133.53","133.85","134.64","133.14","","-0.25%"
"03/30/2020","133.86","134.32","134.46","132.75","","-0.39%"
"03/27/2020","134.39","133.74","134.78","132.13","","0.51%"
"03/26/2020","133.71","132.20","133.86","130.54","","1.23%"
"03/25/2020","132.08","130.80","133.44","129.86","","1.02%"
"03/24/2020","130.75","128.45","131.46","127.96","","1.82%"
"03/23/2020","128.41","129.15","130.18","127.35","","-0.44%"
"03/20/2020","128.98","127.17","132.09","126.40","","1.46%"
"03/19/2020","127.13","125.53","129.61","124.27","","1.31%"
"03/18/2020","125.48","129.78","130.34","124.12","","-3.28%"
"03/17/2020","129.74","129.90","131.25","128.55","","-0.08%"
"03/16/2020","129.84","132.60","133.09","128.90","","-1.99%"
"03/13/2020","132.48","131.58","134.35","131.22","","0.72%"
"03/12/2020","131.53","134.01","134.32","131.32","","-1.85%"
"03/11/2020","134.01","136.32","136.59","133.79","","-1.70%"
"03/10/2020","136.33","134.39","137.26","133.71","","1.45%"
"03/09/2020","134.38","136.87","136.90","132.59","","-2.18%"
"03/06/2020","137.38","137.52","137.76","136.43","","-0.18%"
"03/05/2020","137.63","138.42","138.69","137.30","","-0.54%"
"03/04/2020","138.38","137.26","138.46","137.04","","0.85%"
"03/03/2020","137.22","138.12","138.60","136.93","","-0.63%"
"03/02/2020","138.09","138.35","139.20","136.88","","-0.33%"
"02/28/2020","138.55","141.21","141.43","137.54","","-1.86%"
"02/27/2020","141.18","142.50","142.58","141.18","","-0.91%"
"02/26/2020","142.47","143.32","143.74","142.24","","-0.57%"
"02/25/2020","143.29","143.16","143.67","142.93","","0.10%"
"02/24/2020","143.14","144.62","144.84","142.62","","-1.08%"
"02/21/2020","144.70","144.41","144.98","143.71","","0.21%"
"02/20/2020","144.39","143.90","144.62","143.59","","0.38%"
"02/19/2020","143.85","142.82","144.18","142.79","","0.74%"
"02/18/2020","142.80","142.93","143.26","142.31","","-0.08%"
"02/17/2020","142.91","143.10","143.38","142.84","","-0.18%"
"02/14/2020","143.17","143.27","143.42","142.75","","-0.06%"
"02/13/2020","143.25","142.71","143.50","142.14","","0.41%"
"02/12/2020","142.66","142.21","142.91","142.15","","0.35%"
"02/11/2020","142.16","141.77","142.49","141.68","","0.30%"
"02/10/2020","141.73","141.57","142.10","141.23","","0.21%"
"02/07/2020","141.44","142.23","142.39","141.37","","-0.53%"
"02/06/2020","142.20","142.79","142.84","142.07","","-0.38%"
"02/05/2020","142.74","142.71","143.40","142.23","","0.04%"
"02/04/2020","142.68","141.24","142.86","140.93","","1.06%"
"02/03/2020","141.19","143.26","143.26","141.06","","-1.30%"
"01/31/2020","143.05","142.70","143.32","142.45","","0.27%"
"01/30/2020","142.66","141.95","142.74","141.25","","0.54%"
"01/29/2020","141.90","142.19","142.37","141.70","","-0.18%"
"01/28/2020","142.16","142.20","142.48","141.47","","0.02%"
"01/27/2020","142.13","142.88","143.05","142.07","","-0.52%"
"01/24/2020","142.88","143.68","144.42","142.70","","-0.54%"
"01/23/2020","143.65","144.35","144.45","143.21","","-0.46%"
"01/22/2020","144.32","143.39","144.63","143.26","","0.67%"
"01/21/2020","143.36","143.38","143.99","142.85","","0.02%"
"01/20/2020","143.33","143.22","143.39","142.79","","0.04%"
"01/17/2020","143.27","144.08","144.54","143.26","","-0.52%"
"01/16/2020","144.02","143.29","144.15","143.23","","0.54%"
"01/15/2020","143.25","143.21","143.40","142.66","","0.06%"
"01/14/2020","143.16","142.82","143.46","142.43","","0.28%"
"01/13/2020","142.76","142.88","143.07","142.35","","-0.13%"
"01/10/2020","142.94","143.10","143.51","142.87","","-0.09%"
"01/09/2020","143.07","142.96","143.49","142.40","","0.10%"
"01/08/2020","142.93","142.30","143.13","141.12","","0.48%"
"01/07/2020","142.25","142.71","143.30","142.01","","-0.30%"
"01/06/2020","142.68","141.31","142.81","140.84","","0.88%"
"01/03/2020","141.43","142.73","142.80","140.99","","-0.88%"
"01/02/2020","142.68","144.09","144.21","142.26","","-0.96%"
"01/01/2020","144.07","144.05","144.24","143.79","","-0.01%"
"12/31/2019","144.09","142.80","144.37","142.39","","0.94%"
"12/30/2019","142.75","143.04","143.43","142.56","","-0.22%"
"12/27/2019","143.06","142.45","143.60","141.93","","0.44%"
"12/26/2019","142.43","141.74","142.74","141.58","","0.50%"
"12/25/2019","141.72","141.62","142.52","141.27","","0.09%"
"12/24/2019","141.59","141.51","141.92","141.23","","0.09%"
"12/23/2019","141.46","142.15","142.57","141.16","","-0.58%"
"12/20/2019","142.29","142.29","143.07","142.09","","0.02%"
"12/19/2019","142.26","143.26","143.89","141.98","","-0.67%"
"12/18/2019","143.22","143.74","143.90","143.06","","-0.34%"
"12/17/2019","143.71","145.97","146.14","143.48","","-1.53%"
"12/16/2019","145.94","145.79","146.82","145.73","","0.15%"
"12/13/2019","145.72","143.93","147.98","143.83","","1.30%"
"12/12/2019","143.85","143.32","144.17","142.48","","0.45%"
"12/11/2019","143.20","143.04","143.40","142.54","","0.15%"
"12/10/2019","142.98","142.76","143.69","142.62","","0.22%"
"12/09/2019","142.67","142.66","143.13","142.46","","0.03%"
"12/06/2019","142.63","143.10","143.18","142.37","","-0.30%"
"12/05/2019","143.06","142.66","143.27","142.60","","0.30%"
"12/04/2019","142.63","141.16","142.80","140.82","","1.07%"
"12/03/2019","141.12","141.01","141.74","140.85","","0.10%"
"12/02/2019","140.98","141.53","141.84","140.91","","-0.46%"
"11/29/2019","141.63","141.40","141.76","141.12","","0.18%"
"11/28/2019","141.38","141.55","141.88","141.24","","-0.12%"
"11/27/2019","141.55","140.31","141.59","140.04","","0.92%"
"11/26/2019","140.26","140.49","140.91","139.98","","-0.14%"
"11/25/2019","140.46","139.59","140.65","139.56","","0.77%"
"11/22/2019","139.39","140.30","140.52","139.31","","-0.63%"
"11/21/2019","140.27","140.37","140.94","139.97","","-0.04%"
"11/20/2019","140.33","140.28","140.51","139.66","","0.06%"
"11/19/2019","140.24","140.78","140.96","140.10","","-0.36%"
"11/18/2019","140.74","140.38","141.59","140.32","","0.34%"
"11/15/2019","140.26","139.65","140.49","139.59","","0.44%"
"11/14/2019","139.64","139.85","139.91","139.39","","-0.12%"
"11/13/2019","139.81","140.06","140.27","139.43","","-0.14%"
"11/12/2019","140.00","140.18","140.61","139.93","","-0.11%"
"11/11/2019","140.16","139.56","140.51","139.35","","0.45%"
"11/08/2019","139.53","140.04","140.24","139.40","","-0.34%"
"11/07/2019","140.01","140.05","140.56","139.48","","-0.04%"
"11/06/2019","140.06","140.65","140.73","139.87","","-0.39%"
"11/05/2019","140.61","139.89","140.77","139.84","","0.54%"
"11/04/2019","139.85","140.10","140.26","139.83","","-0.04%"
"11/01/2019","139.91","139.80","140.18","139.63","","0.09%"
"10/31/2019","139.78","140.45","140.71","139.59","","-0.44%"
"10/30/2019","140.40","140.13","140.52","139.94","","0.24%"
"10/29/2019","140.06","140.16","140.55","139.46","","-0.04%"
"10/28/2019","140.12","139.37","140.27","139.30","","0.60%"
"10/25/2019","139.29","139.59","139.80","139.01","","-0.19%"
"10/24/2019","139.56","140.35","140.76","138.87","","-0.58%"
"10/23/2019","140.37","139.64","140.44","139.07","","0.54%"
"10/22/2019","139.62","140.74","141.15","139.51","","-0.77%"
"10/21/2019","140.71","140.18","141.38","139.48","","0.06%"
"10/18/2019","140.63","140.07","140.82","139.33","","0.43%"
"10/17/2019","140.03","139.57","141.51","138.62","","0.36%"
"10/16/2019","139.53","139.19","140.10","137.50","","0.27%"
"10/15/2019","139.16","136.68","139.32","136.45","","1.86%"
"10/14/2019","136.62","136.88","137.19","135.49","","-0.34%"
"10/11/2019","137.09","134.33","137.90","133.96","","2.08%"
"10/10/2019","134.30","131.18","134.57","130.72","","2.41%"
"10/09/2019","131.14","130.85","131.82","130.65","","0.25%"
"10/08/2019","130.81","131.89","132.13","130.42","","-0.79%"
"10/07/2019","131.85","131.84","132.26","131.23","","-0.01%"
"10/04/2019","131.86","131.86","132.04","131.27","","0.05%"
"10/03/2019","131.79","131.89","132.62","131.46","","-0.02%"
"10/02/2019","131.82","132.57","132.68","131.57","","-0.57%"
"10/01/2019","132.58","132.85","133.38","131.77","","-0.19%"
"09/30/2019","132.83","132.64","133.37","132.47","","0.17%"
"09/27/2019","132.61","132.87","133.30","132.32","","-0.19%"
"09/26/2019","132.86","133.11","133.32","132.38","","-0.16%"
"09/25/2019","133.07","133.72","134.02","132.82","","-0.46%"
"09/24/2019","133.68","133.70","134.60","133.54","","0.02%"
"09/23/2019","133.65","134.12","134.57","133.34","","-0.40%"
"09/20/2019","134.19","135.34","135.74","134.04","","-0.78%"
"09/19/2019","135.24","135.28","135.52","134.26","","0.03%"
"09/18/2019","135.20","135.19","135.68","134.58","","0.04%"
"09/17/2019","135.14","134.49","135.44","133.98","","0.57%"
"09/16/2019","134.37","134.64","134.90","133.87","","-0.53%"
"09/13/2019","135.09","133.35","135.23","133.27","","1.34%"
"09/12/2019","133.30","132.94","133.66","132.16","","0.31%"
"09/11/2019","132.89","132.80","133.38","132.67","","0.10%"
"09/10/2019","132.76","132.42","132.94","132.01","","0.29%"
"09/09/2019","132.38","131.55","132.57","130.80","","0.84%"
"09/06/2019","131.28","131.88","132.15","131.24","","-0.45%"
"09/05/2019","131.87","130.37","132.21","129.91","","1.19%"
"09/04/2019","130.32","128.03","130.46","127.93","","1.82%"
"09/03/2019","127.99","128.18","128.27","126.67","","-0.12%"
"09/02/2019","128.15","129.15","129.34","127.86","","-0.82%"
"08/30/2019","129.21","129.74","129.88","129.07","","-0.45%"
"08/29/2019","129.80","129.59","130.05","128.96","","0.19%"
"08/28/2019","129.55","129.95","130.10","128.48","","-0.27%"
"08/27/2019","129.90","129.68","130.40","128.99","","0.20%"
"08/26/2019","129.64","129.18","130.16","128.20","","0.19%"
"08/23/2019","129.39","130.40","130.58","129.01","","-0.74%"
"08/22/2019","130.36","129.32","130.71","128.75","","0.83%"
"08/21/2019","129.29","129.29","129.70","128.88","","0.03%"
"08/20/2019","129.25","129.32","129.66","128.26","","-0.02%"
"08/19/2019","129.28","129.23","129.56","128.96","","0.05%"
"08/16/2019","129.22","128.26","129.59","128.15","","0.78%"
"08/15/2019","128.22","127.74","129.00","127.46","","0.42%"
"08/14/2019","127.69","128.72","128.79","127.48","","-0.78%"
"08/13/2019","128.70","127.15","129.24","126.79","","1.24%"
"08/12/2019","127.12","127.08","127.56","126.54","","0.02%"
"08/09/2019","127.10","128.63","128.75","126.94","","-1.21%"
"08/08/2019","128.66","129.04","129.35","128.26","","-0.26%"
"08/07/2019","129.00","129.54","129.65","128.22","","-0.41%"
"08/06/2019","129.53","128.66","130.09","128.10","","0.71%"
"08/05/2019","128.62","129.56","129.75","128.15","","-0.71%"
"08/02/2019","129.54","130.24","130.43","129.07","","-0.51%"
"08/01/2019","130.20","132.18","132.59","130.15","","-1.51%"
"07/31/2019","132.20","132.00","133.01","131.83","","0.20%"
"07/30/2019","131.93","132.93","133.09","131.62","","-0.71%"
"07/29/2019","132.88","134.62","134.66","132.85","","-1.22%"
"07/26/2019","134.52","135.37","135.41","134.48","","-0.59%"
"07/25/2019","135.32","135.05","135.68","134.71","","0.21%"
"07/24/2019","135.03","134.61","135.30","134.24","","0.33%"
"07/23/2019","134.59","134.55","134.99","134.30","","0.04%"
"07/22/2019","134.54","134.71","135.10","134.40","","-0.07%"
"07/19/2019","134.63","134.61","135.03","134.52","","0.01%"
"07/18/2019","134.61","134.21","134.86","133.84","","0.32%"
"07/17/2019","134.18","134.29","134.64","133.96","","-0.04%"
"07/16/2019","134.23","135.08","135.29","133.96","","-0.59%"
"07/15/2019","135.03","135.64","135.87","134.92","","-0.46%"
"07/12/2019","135.65","135.85","136.04","135.49","","-0.12%"
"07/11/2019","135.81","135.57","136.08","135.07","","0.18%"
"07/10/2019","135.56","135.71","136.09","135.46","","-0.08%"
"07/09/2019","135.67","136.04","136.30","135.38","","-0.24%"
"07/08/2019","136.00","135.77","136.15","135.53","","0.15%"
"07/05/2019","135.80","135.63","136.07","135.47","","0.18%"
"07/04/2019","135.56","135.57","135.74","135.43","","0.01%"
"07/03/2019","135.54","135.87","135.98","135.16","","-0.21%"
"07/02/2019","135.83","137.09","137.24","135.85","","-0.88%"
"07/01/2019","137.03","137.00","137.80","136.72","","0.07%"
"06/28/2019","136.93","136.65","137.21","136.26","","0.23%"
"06/27/2019","136.61","136.78","137.35","136.41","","-0.10%"
"06/26/2019","136.74","136.11","136.92","135.88","","0.55%"
"06/25/2019","135.99","136.65","136.87","135.80","","-0.51%"
"06/24/2019","136.69","136.79","137.15","136.49","","-0.01%"
"06/21/2019","136.70","136.29","136.86","135.93","","0.34%"
"06/20/2019","136.24","136.65","137.20","136.20","","-0.27%"
"06/19/2019","136.61","136.20","137.04","135.77","","0.33%"
"06/18/2019","136.16","136.06","136.26","135.37","","0.08%"
"06/17/2019","136.05","136.79","136.96","135.99","","-0.45%"
"06/14/2019","136.66","137.39","137.54","136.51","","-0.49%"
"06/13/2019","137.33","137.68","137.80","137.10","","-0.21%"
"06/12/2019","137.62","138.08","138.29","137.55","","-0.30%"
"06/11/2019","138.03","137.55","138.35","137.49","","0.36%"
"06/10/2019","137.53","138.26","138.41","137.46","","-0.17%"
"06/07/2019","137.76","137.70","138.20","137.47","","0.08%"
"06/06/2019","137.65","137.58","137.84","136.98","","0.07%"
"06/05/2019","137.56","137.31","137.80","137.18","","0.20%"
"06/04/2019","137.29","136.87","137.49","136.54","","0.33%"
"06/03/2019","136.84","137.02","137.14","136.55","","0.06%"
"05/31/2019","136.76","138.21","138.28","136.62","","-1.01%"
"05/30/2019","138.16","138.40","138.76","138.05","","-0.14%"
"05/29/2019","138.36","138.40","138.60","137.85","","0.00%"
"05/28/2019","138.36","138.85","139.04","138.27","","-0.32%"
"05/27/2019","138.81","139.10","139.66","138.67","","-0.09%"
"05/24/2019","138.93","138.73","139.53","138.51","","0.18%"
"05/23/2019","138.68","139.74","139.85","138.52","","-0.73%"
"05/22/2019","139.70","140.40","140.73","139.30","","-0.48%"
"05/21/2019","140.38","140.08","141.76","139.63","","0.24%"
"05/20/2019","140.05","139.75","140.54","139.69","","0.03%"
"05/17/2019","140.01","140.58","140.71","139.54","","-0.38%"
"05/16/2019","140.54","140.75","140.93","140.20","","-0.18%"
"05/15/2019","140.79","141.48","141.67","140.20","","-0.44%"
"05/14/2019","141.41","141.63","142.20","141.35","","-0.13%"
"05/13/2019","141.60","142.70","142.90","141.19","","-0.91%"
"05/10/2019","142.90","142.80","143.26","142.50","","0.08%"
"05/09/2019","142.79","143.21","143.39","142.23","","-0.29%"
"05/08/2019","143.20","144.18","144.25","143.03","","-0.65%"
"05/07/2019","144.13","145.08","145.43","143.85","","-0.63%"
"05/06/2019","145.04","144.98","145.97","144.88","","-0.87%"
"05/03/2019","146.32","145.37","146.54","144.79","","0.68%"
"05/02/2019","145.33","145.36","145.90","145.07","","0.00%"
"05/01/2019","145.33","145.23","145.68","145.16","","0.09%"
"04/30/2019","145.20","144.44","145.37","143.99","","0.57%"
"04/29/2019","144.38","144.21","144.70","144.07","","0.17%"
"04/26/2019","144.13","144.00","144.41","143.70","","0.12%"
"04/25/2019","143.96","144.74","144.84","143.73","","-0.51%"
"04/24/2019","144.70","144.72","145.04","144.40","","0.01%"
"04/23/2019","144.69","145.35","145.65","144.57","","-0.41%"
"04/22/2019","145.29","145.45","145.56","145.21","","-0.10%"
"04/19/2019","145.43","145.55","145.66","145.32","","-0.05%"
"04/18/2019","145.50","146.15","146.29","145.30","","-0.44%"
"04/17/2019","146.15","146.16","146.38","145.88","","0.02%"
"04/16/2019","146.12","146.76","146.91","145.99","","-0.42%"
"04/15/2019","146.73","146.46","147.02","146.32","","0.14%"
"04/12/2019","146.53","145.79","147.02","145.70","","0.54%"
"04/11/2019","145.75","145.35","145.97","145.10","","0.32%"
"04/10/2019","145.29","145.08","145.69","144.93","","0.10%"
"04/09/2019","145.14","145.65","146.08","144.77","","-0.32%"
"04/08/2019","145.60","145.63","145.80","145.07","","-0.03%"
"04/05/2019","145.65","146.04","146.59","145.10","","-0.24%"
"04/04/2019","146.00","146.72","146.98","145.66","","-0.46%"
"04/03/2019","146.68","146.22","147.22","146.01","","0.37%"
"04/02/2019","146.14","145.88","146.47","144.92","","0.21%"
"04/01/2019","145.84","144.32","146.38","144.32","","0.97%"
"03/29/2019","144.44","144.31","145.51","143.83","","0.10%"
"03/28/2019","144.30","145.77","146.03","144.23","","-0.98%"
"03/27/2019","145.73","146.14","146.54","145.52","","-0.25%"
"03/26/2019","146.10","145.09","146.49","144.91","","0.65%"
"03/25/2019","145.16","145.18","145.82","144.62","","-0.01%"
"03/22/2019","145.18","145.26","145.78","144.52","","-0.02%"
"03/21/2019","145.21","146.11","146.43","144.13","","-0.58%"
"03/20/2019","146.05","147.79","148.09","145.85","","-1.15%"
"03/19/2019","147.75","147.71","148.06","147.51","","0.04%"
"03/18/2019","147.69","148.13","148.41","147.00","","-0.30%"
"03/15/2019","148.14","147.93","148.41","147.41","","0.14%"
"03/14/2019","147.94","148.31","148.91","147.40","","-0.23%"
"03/13/2019","148.28","145.62","148.78","145.37","","1.84%"
"03/12/2019","145.60","146.27","147.83","144.58","","-0.46%"
"03/11/2019","146.28","144.68","146.51","143.72","","1.08%"
"03/08/2019","144.71","146.03","146.22","144.32","","-0.90%"
"03/07/2019","146.02","147.18","147.30","145.77","","-0.79%"
"03/06/2019","147.19","147.47","147.47","146.69","","-0.18%"